Exp,Site,Hole,Latitude,Longitude,Water depth (m),Penetration DSF (m),Cored interval (m),Recovered length (m),Recovery (%),Drilled interval (m),Drilled interval (no.),Total cores (no.),APC cores (no.),HLAPC cores (no.),XCB cores (no.),RCB cores (no.),Other cores (no.),Date started (UTC),Date finished (UTC),Time on hole (days),Comments,
317,U1351,A,44 53.0307 S,171 50.4037 E,126.82,28,28,27.33,98,NULL,0,6,6,0,0,0,0,11/18/2009 9:30,11/18/2009 23:30,0.58,,
317,U1351,B,44 53.0422 S,171 50.4065 E,126.22,1030.6,1030.6,304.52,30,NULL,0,116,19,0,97,0,0,11/18/2009 23:30,11/25/2009 18:00,6.77,,
317,U1351,C,44 53.0572 S,171 50.4057 E,126.22,967.3,967.3,0,0,NULL,0,1,0,0,0,0,1,11/25/2009 18:00,11/30/2009 2:00,4.33,Dedicated Logging Hole - No coring.,
317,U1352,A,44 56.2440 S,172 01.3615 E,348.32,42.2,42.2,43.92,104,NULL,0,5,5,0,0,0,0,11/30/2009 5:00,11/30/2009 15:30,0.44,,
317,U1352,B,44 56.2558 S,172 01.3630 E,348.12,830.9,830.9,613.87,74,NULL,0,94,36,0,58,0,0,11/30/2009 15:30,12/5/2009 16:15,5.03,,
317,U1352,C,44 56.2662 S,172 01.3630 E,348.12,1927.5,1927.5,656.5,34,NULL,0,148,0,0,0,146,2,12/5/2009 16:15,12/20/2009 22:00,15.24,,
317,U1352,D,44 56.2326 S,172 01.3611 E,338.92,127,127,130.84,103,NULL,0,14,14,0,0,0,0,12/20/2009 22:00,12/21/2009 21:00,0.96,,
317,U1353,A,44 46.1079 S,171 40.4368 E,89.32,56,56,56.38,101,NULL,0,8,8,0,0,0,0,12/21/2009 23:15,12/22/2009 11:15,0.5,,
317,U1353,B,44 46.1203 S,171 40.4407 E,89.82,614.3,614.3,211.48,34,NULL,0,98,51,0,47,0,0,12/22/2009 11:15,12/26/2009 20:45,4.4,,
317,U1353,C,44 46.0982 S,171 40.4380 E,89.82,529,529,0,0,NULL,0,1,0,0,0,0,1,12/26/2009 20:45,12/28/2009 21:00,2.01,Dedicated Logging Hole,
317,U1354,A,44 50.8281 S,171 47.2096 E,115.12,85.4,85.4,84.43,99,NULL,0,19,18,0,0,0,1,12/28/2009 23:45,12/29/2009 23:00,0.97,,
317,U1354,B,44 50.8367 S,171 47.2069 E,118.72,77.2,77.2,77.52,100,NULL,0,15,15,0,0,0,0,12/29/2009 23:00,12/30/2009 12:45,0.57,,
317,U1354,C,44 50.8487 S,171 47.2080 E,118.72,384.2,384.2,133.37,35,NULL,0,36,2,0,33,0,1,12/30/2009 12:45,1/2/2010 12:00,2.97,,
318,U1355,A,63 50.4704 S,138 49.4270 E,3733.52,31.7,31.7,14.95,47,NULL,0,4,0,0,0,4,0,1/19/2010 10:45,1/22/2010 6:00,2.8,11 m offset to mbrf (3740.0 mbrf),
318,U1356,A,63 18.6138 S,135 59.9376 E,3996.62,1006.4,1006.4,350.13,35,NULL,0,106,0,0,0,106,0,1/22/2010 14:45,2/2/2010 6:15,10.65,11.1 m offset to mbrf. 4003 mbrf,
318,U1357,A,66 24.7991 S,140 25.5008 E,1019.42,186.6,186.6,183.885,99,NULL,0,21,20,0,1,0,0,2/3/2010 6:15,2/3/2010 11:20,0.21,11 m offset to rig floor; 1025.9 mbrf,
318,U1357,B,66 24.7990 S,140 25.5705 E,1021.52,170.7,170.7,172.44,101,NULL,0,19,19,0,0,0,0,2/4/2010 13:45,2/5/2010 3:40,0.58,"11 m offset to rig floor, 1025.9 mbrf",
318,U1357,C,66 24.8013 S,140 25.4651 E,1020.52,103.8,103.8,110.71,107,NULL,0,11,11,0,0,0,0,2/5/2010 6:45,2/5/2010 13:58,0.3,,
318,U1358,A,66 05.4239 S,143 18.7707 E,503.52,2,2,1.1,55,NULL,0,1,0,0,0,1,0,2/6/2010 17:30,2/7/2010 0:15,0.28,,
318,U1358,B,66 05.4244 S,143 18.7666 E,503.52,35.6,35.6,8,22,NULL,0,4,0,0,0,4,0,2/7/2010 2:50,2/7/2010 15:30,0.53,ADDED BY HORNBACHER,
318,U1359,A,64 54.2377 S,143 57.6825 E,3014.52,193.5,193.5,154.085,80,NULL,0,22,17,0,5,0,0,2/8/2010 7:00,2/9/2010 17:00,1.42,11.1 m offset. 3020.9 mbrf,
318,U1359,B,64 54.2431 S,143 57.6553 E,3012.42,252,252,198.93,79,NULL,0,28,23,0,5,0,0,2/9/2010 18:15,2/10/2010 22:40,1.18,11.1 m offset. 3018.8 mbrf,
318,U1359,C,64 54.2477 S,143 57.6248 E,3015.92,168.7,168.7,150.755,89,NULL,0,18,18,0,0,0,0,2/10/2010 23:40,2/12/2010 0:15,1.02,11.1 m offset. 3022.3 mbrf,
318,U1359,D,64 54.2596 S,143 57.5624 E,3016.62,450,450,269.435,60,NULL,0,47,0,0,0,47,1,2/19/2010 22:15,2/24/2010 22:45,5.02,11.1 m offset. 3023.0 mbrf,
318,U1360,A,66 22.0395 S,142 44.7050 E,499.52,70.8,70.8,7.03,10,NULL,0,7,0,0,0,7,0,2/12/2010 23:15,2/14/2010 6:15,1.29,11 m offset to rig floor.,
318,U1361,A,64 24.5728 S,143 53.1992 E,3459.22,388,388,338.855,87,NULL,0,41,16,0,25,0,0,2/25/2010 19:45,3/2/2010 6:05,4.43,11.2 m offset. 3465.5 mbrf,
318,U1361,B,64 24.5454 S,143 53.1966 E,3460.52,12.1,12.1,12.04,100,NULL,0,2,2,0,0,0,0,3/2/2010 8:40,3/3/2010 0:30,0.66,11.2 m offset 3466.9 mbrf,
320,U1331,A,12 04.0884 N,142 09.6961 W,5120.92,190.6,190.6,155.11,81,NULL,0,22,15,0,7,0,0,3/14/2009 23:30,3/18/2009 8:20,3.37,Subtract 11.1 m from mbrf for mbsl,
320,U1331,B,12 04.0877 N,142 09.7085 W,5121.02,188.5,188.5,175.74,93,NULL,0,22,18,0,2,0,2,3/18/2009 8:20,3/19/2009 22:20,1.58,Spud 2130 UTC 18 Mar 09,
320,U1331,C,12 04.0892 N,142 09.7201 W,5121.62,189,189,191.54,101,NULL,0,17,12,0,0,0,5,3/19/2009 22:20,3/22/2009 5:00,2.28,,
320,U1332,A,11 54.7095 N,141 02.7428 W,4917.62,152.4,152.4,145.61,96,NULL,0,18,14,0,4,0,0,3/22/2009 14:45,3/26/2009 8:00,3.72,11.2 m from mbrf = mbsl,
320,U1332,B,11 54.7209 N,141 02.7427 W,4930.62,148.6,148.6,140.28,94,NULL,0,18,13,0,5,0,0,3/26/2009 8:00,3/27/2009 22:30,1.6,11.2 m from mbrf = mbsl,
320,U1332,C,11 54.7366 N,141 02.7422 W,5121.72,155.5,155.5,148.06,95,NULL,0,18,13,0,5,0,0,3/27/2009 22:30,3/29/2009 19:30,1.88,,
320,U1333,A,10 30.9953 N,138 25.1728 W,4858.82,184.1,184.1,176.25,96,NULL,0,22,10,0,12,0,0,3/30/2009 14:00,4/1/2009 11:55,1.91,Spud 12:25,
320,U1333,B,10 30.9960 N,138 25.1597 W,4855.62,180.3,180.3,177.96,99,NULL,0,20,18,0,2,0,0,4/1/2009 11:55,4/2/2009 18:45,1.28,Spud @ 13.05 HR,
320,U1333,C,10 30.9958 N,138 25.1459 W,4858.92,177,177,177.04,100,NULL,0,24,21,0,3,0,0,4/2/2009 18:45,4/4/2009 18:15,1.98,Spud @ 06:00 HR,
320,U1334,A,07 59.9980 N,131 58.3937 W,4793.22,285.5,285.5,288.83,101,NULL,0,32,22,0,10,0,0,4/6/2009 12:15,4/8/2009 21:50,2.4,,
320,U1334,B,07 59.9979 N,131 58.4071 W,4793.22,281.7,281.7,294.59,105,NULL,0,31,22,0,9,0,0,4/8/2009 21:50,4/10/2009 18:40,1.87,Spud @ 08:30,
320,U1334,C,07 59.9979 N,131 58.4219 W,4794.92,280.7,280.7,285.78,102,NULL,0,33,22,0,11,0,0,4/10/2009 18:40,4/13/2009 22:00,3.14,Spud @ 5:20 GMT,
320,U1335,A,05 18.7341 N,126 16.9949 W,4333.02,421.1,421.1,422.08,100,NULL,0,45,36,0,9,0,0,4/15/2009 16:30,4/18/2009 17:25,3.04,,
320,U1335,B,05 18.7362 N,126 17.0088 W,4333.62,417.5,417.5,427.51,102,NULL,0,46,41,0,5,0,0,4/18/2009 17:25,4/21/2009 21:45,3.18,Spud @ 4:55 GMT,
320,U1336,A,07 42.0735 N,128 15.2526 W,4291.02,302.9,302.9,259.12,86,NULL,0,35,21,0,14,0,0,4/22/2009 15:45,4/25/2009 4:00,2.51,Spud @ 10:35,
320,U1336,B,07 42.0599 N,128 15.2530 W,4292.22,173.9,173.9,179.59,103,NULL,0,20,20,0,0,0,0,4/25/2009 4:00,4/26/2009 13:15,1.39,,
320T,U1330,A,03 36.3350 N,156 37.4460 E,NULL,19.1,19.1,16.09,84,NULL,0,2,0,0,0,2,1,2/15/2009 4:15,2/19/2009 9:45,4.23,Water Depth (sea level to sea floor),
320T,U1330,B,03 36.3210 N,156 37.4460 E,NULL,92.2,92.2,87.18,95,NULL,0,10,10,0,0,0,0,2/19/2009 9:45,2/20/2009 16:45,1.29,Water Depth (sea level to sea floor),
321,U1337,A,03 50.0065 N,123 12.3558 W,4465.62,449.8,449.8,420.11,93,NULL,0,48,21,0,27,0,0,5/19/2009 11:45,5/25/2009 9:30,5.91,,
321,U1337,B,03 50.0067 N,123 12.3621 W,4466.12,250.6,250.6,242.65,97,NULL,0,28,27,0,1,0,0,5/25/2009 9:30,5/27/2009 22:45,2.55,,
321,U1337,C,03 50.0067 N,123 12.3755 W,4472.22,282.3,282.3,273.72,97,NULL,0,32,8,0,24,0,1,5/27/2009 22:45,5/30/2009 14:00,2.64,,
321,U1337,D,03 50.0067 N,123 12.3858 W,4470.12,442.9,442.9,431.97,98,NULL,0,49,29,0,20,0,0,5/30/2009 14:00,6/2/2009 16:30,3.1,,
321,U1338,A,02 30.4685 N,117 58.1623 W,4204.52,410,410,345.96,84,NULL,0,44,26,0,18,0,0,6/3/2009 23:15,6/6/2009 19:00,2.82,,
321,U1338,B,02 30.4692 N,117 58.1736 W,4203.72,413.6,413.6,417.93,101,NULL,0,45,42,0,3,0,0,6/6/2009 19:00,6/11/2009 17:00,4.92,,
321,U1338,C,02 30.4687 N,117 58.1842 W,4206.52,414.4,414.4,432.82,104,NULL,0,47,47,0,0,0,0,6/11/2009 17:00,6/14/2009 20:15,3.14,,
321,U1338,D,02 30.4689 N,117 58.1948 W,4206.42,23.9,23.9,24.79,104,NULL,0,3,3,0,0,0,0,6/14/2009 20:15,6/15/2009 10:30,0.59,,
323,U1339,A,54 40.2001 N,169 58.9017 W,1871.82,33.4,33.4,34.87,104,NULL,0,4,4,0,0,0,0,7/17/2009 16:03,7/18/2009 14:30,0.94,Shot core 1H -.6m below mean tide,
323,U1339,B,54 40.2103 N,169 58.9106 W,1872.72,196,196,204.45,104,NULL,0,22,22,0,0,0,0,7/18/2009 14:30,7/19/2009 20:10,1.24,Shot core 1H +.7m above mean tide,
323,U1339,C,54 40.2063 N,169 58.8852 W,1872.72,194.8,194.8,199.4,102,NULL,0,21,21,0,0,0,0,7/19/2009 20:10,7/20/2009 16:10,0.83,Shot core 1H +.7m above mean tide,
323,U1339,D,54 40.1891 N,169 58.8909 W,1873.22,200,200,206.03,103,NULL,0,22,22,0,0,0,0,7/20/2009 16:10,7/22/2009 7:45,1.65,Shot core 1H +.3m above mean tide,
323,U1340,A,53 24.0008 N,179 31.2973 W,1299.82,604.5,604.5,535.89,89,NULL,0,71,46,0,24,0,1,7/23/2009 23:15,7/26/2009 21:03,2.91,,
323,U1340,B,53 24.0002 N,179 30.9815 W,1302.42,53.9,53.9,55.53,103,NULL,0,6,6,0,0,0,0,7/26/2009 21:03,7/27/2009 4:00,0.29,,
323,U1340,C,53 23.8113 N,179 31.2975 W,1298.62,28.5,28.5,30,105,NULL,0,3,3,0,0,0,0,7/27/2009 4:00,7/27/2009 8:35,0.19,,
323,U1340,D,53 23.8004 N,179 31.2974 W,1298.62,26.3,26.3,27.23,104,NULL,0,3,3,0,0,0,0,7/27/2009 8:35,7/27/2009 15:34,0.29,,
323,U1341,A,54 02.0025 N,179 00.4999 E,2144.82,359.2,359.2,373.23,104,NULL,0,41,41,0,0,0,0,7/27/2009 21:54,7/29/2009 21:50,2,,
323,U1341,B,54 01.9984 N,179 00.5171 E,2144.82,600,600,594.54,99,NULL,0,71,56,0,15,0,0,7/29/2009 21:50,8/2/2009 15:55,3.75,,
323,U1341,C,54 02.0010 N,179 00.5390 E,2144.82,230,230,242.06,105,NULL,0,27,26,0,0,0,1,8/2/2009 15:55,8/4/2009 0:24,1.35,,
323,U1342,A,54 49.6987 N,176 55.0027 E,823.62,53.3,53.3,57.39,108,NULL,0,9,7,0,1,0,1,8/4/2009 8:30,8/4/2009 22:20,0.58,,
323,U1342,B,54 49.7004 N,176 55.0232 E,824.42,43.3,43.3,44.83,104,NULL,0,5,5,0,0,0,0,8/4/2009 22:20,8/5/2009 1:50,0.15,,
323,U1342,C,54 49.7017 N,176 55.0411 E,824.32,45.4,45.4,47.06,104,NULL,0,6,6,0,0,0,0,8/5/2013 1:50,8/5/2013 8:00,0.26,,
323,U1342,D,54 49.7018 N,176 55.0581 E,823.72,131.2,131.2,79.49,61,NULL,0,19,5,0,13,0,1,8/5/2009 8:00,8/6/2009 17:15,1.39,,
323,U1343,A,57 33.3993 N,175 48.9659 W,1956.42,201.5,201.5,204.03,101,NULL,0,22,22,0,0,0,0,8/7/2009 20:08,8/8/2009 21:00,1.04,,
323,U1343,B,57 33.4156 N,175 48.9951 W,1956.42,35.5,35.5,34.56,97,NULL,0,4,4,0,0,0,0,8/8/2009 21:00,8/9/2009 1:15,0.18,,
323,U1343,C,57 33.3982 N,175 49.0275 W,1958.22,234.2,234.2,231.04,99,NULL,0,26,26,0,0,0,0,8/9/2009 1:15,8/10/2009 0:10,0.95,,
323,U1343,D,57 33.3817 N,175 48.9971 W,1959.72,8.5,8.5,8.53,100,NULL,0,1,1,0,0,0,0,8/10/2009 0:10,8/10/2009 1:35,0.06,,
323,U1343,E,57 33.3814 N,175 48.9974 W,1961.52,744.3,744.3,700.27,94,NULL,0,83,44,0,38,0,1,8/10/2009 1:35,8/14/2009 12:24,4.45,,
323,U1344,A,59 03.0005 N,179 12.2011 W,3177.52,745,745,648.1,87,NULL,0,79,27,0,52,0,0,8/15/2009 1:54,8/20/2009 11:35,5.4,,
323,U1344,B,59 03.0112 N,179 12.2051 W,3178.92,4.8,4.8,4.8,100,NULL,0,1,1,0,0,0,0,8/20/2009 11:35,8/20/2009 13:35,0.08,,
323,U1344,C,59 03.0116 N,179 12.2052 W,3178.62,35.6,35.6,33.51,94,NULL,0,4,4,0,0,0,0,8/20/2009 13:35,8/20/2009 18:50,0.22,,
323,U1344,D,59 03.0224 N,179 12.2030 W,3180.02,286.5,286.5,286.1,100,NULL,0,32,32,0,0,0,0,8/20/2009 18:50,8/22/2009 6:20,1.48,,
323,U1344,E,59 03.0339 N,179 12.2029 W,3179.92,202.8,202.8,202.68,100,NULL,0,23,22,0,0,0,1,8/22/2009 6:20,8/23/2009 13:36,1.3,,
323,U1345,A,60 09.1917 N,179 28.2036 W,1013.22,146.9,146.9,148.49,101,NULL,0,16,16,0,0,0,0,8/23/2009 20:06,8/24/2009 12:55,0.7,,
323,U1345,B,60 09.2003 N,179 28.2127 W,1013.47,36.7,36.7,38.24,104,NULL,0,4,4,0,0,0,0,8/24/2009 12:55,8/24/2009 16:50,0.16,,
323,U1345,C,60 09.2097 N,179 28.2229 W,1014.72,148.5,148.5,152.85,103,NULL,0,16,16,0,0,0,0,8/24/2009 16:50,8/25/2009 1:50,0.38,,
323,U1345,D,60 09.2175 N,179 28.2283 W,1014.22,150,150,154.62,103,NULL,0,16,16,0,0,0,0,8/25/2009 1:50,8/25/2009 10:50,0.38,,
323,U1345,E,60 09.2264 N,179 28.2407 W,1013.02,150,150,154.15,103,NULL,0,16,16,0,0,0,0,8/25/2009 10:50,8/26/2009 0:54,0.59,,
324,U1346,A,38 00.4001 N,162 38.7096 E,3623.52,91.3,91.3,25.77,28,NULL,0,15,0,0,0,15,1,9/15/2009 9:30,9/20/2009 18:00,5.35,"SRNH-2, 3627.4 mbrf",
324,U1347,A,32 30.4760 N,159 14.0790 E,3454.32,246.5,246.5,116.01,47,NULL,0,28,0,0,0,28,1,9/22/2009 17:30,10/3/2009 4:00,10.44,"SRSH-3B, 3461.0 mbrf",
324,U1348,A,34 24.9396 N,159 22.9074 E,3268.42,239.9,239.9,80.91,34,NULL,0,25,0,0,0,25,1,10/3/2009 15:15,10/8/2009 8:45,4.73,3275.0 mbrf ,
324,U1349,A,36 06.9440 N,158 27.5260 E,3131.52,134.4,134.4,65.875,49,NULL,0,15,0,0,0,15,1,10/8/2009 12:45,10/13/2009 19:30,5.28,"3138.0 mbrf, SRCH-5",
324,U1350,A,36 04.4920 N,159 17.0650 E,4060.62,211.2,211.2,75.205,36,NULL,0,25,0,0,0,25,1,10/14/2009 1:15,10/21/2009 12:45,7.48,SRCH-4; Offset to mbrf +11.1 m,
327,U1362,A,47 45.6628 N,127 45.6720 W,2665.42,528,150,44.41,30,378,6,20,0,0,0,20,0,7/11/2010 11:30,8/17/2010 10:45,36.97,,
327,U1362,B,47 45.4997 N,127 45.7312 W,2665.42,359,NULL,NULL,0,359,6,0,0,0,0,0,0,7/10/2010 8:15,7/29/2010 19:00,19.45,,
327,U1363,A,47 17.3555 N,128 02.1107 W,2682.92,58,NULL,NULL,0,58,1,0,0,0,0,0,0,8/29/2010 16:15,8/31/2010 3:30,1.47,Established basement at 58 mbsf,
327,U1363,B,47 17.3518 N,128 02.1060 W,2682.92,61,61,49.74,82,NULL,0,10,6,0,4,0,0,8/31/2010 3:30,8/31/2010 21:45,0.76,,
327,U1363,C,47 17.5759 N,128 01.7641 W,2682.92,202.4,32.4,7,22,170,1,4,0,0,4,0,0,8/31/2010 21:45,9/2/2010 1:00,1.14,,
327,U1363,D,47 17.5724 N,128 01.7599 W,2682.92,231.8,33.8,15.03,44,198,1,5,0,0,5,0,0,9/2/2010 1:00,9/3/2010 7:00,1.25,,
327,U1363,E,47 17.3310 N,128 02.1447 W,2682.92,37,NULL,NULL,0,37,1,0,0,0,0,0,0,9/3/2010 7:00,9/3/2010 11:30,0.19,,
327,U1363,F,47 17.3261 N,128 02.1374 W,2682.92,35,35,31.18,89,NULL,0,4,4,0,0,0,0,9/3/2010 11:30,9/3/2010 17:30,0.25,,
327,U1363,G,47 17.3118 N,128 02.1698 W,2681.92,24.9,24.9,22.92,92,NULL,0,3,3,0,0,0,0,9/3/2010 17:30,9/4/2010 10:15,0.7,,
328,U1364,A,48 41.9962 N,126 52.3291 W,NULL,336,NULL,NULL,0,336,1,0,0,0,0,0,0,9/10/2010 6:00,9/17/2010 14:00,7.33,Install ACORK in Hole U1364A,
329,U1365,A,23 51.0493 S,165 38.6624 W,5695.57,75.5,75.5,74.06,98,NULL,0,26,26,0,0,0,0,10/16/2010 0:30,10/19/2010 8:45,3.34,Wash hole to basement prior to coring Hole U1365A,
329,U1365,B,23 51.0388 S,165 38.6629 W,5694.66,75.6,54.6,55.79,102,21,1,8,8,0,0,0,0,10/19/2010 8:45,10/20/2010 6:45,0.92,,
329,U1365,C,23 51.0377 S,165 38.6502 W,5696.66,74.8,48.8,39.67,81,26,1,8,8,0,0,0,0,10/20/2010 6:45,10/21/2010 4:30,0.91,,
329,U1365,D,23 51.0359 S,165 38.6381 W,5694.13,19,19,18.89,99,NULL,0,2,2,0,0,0,0,10/21/2010 4:30,10/21/2010 20:30,0.67,,
329,U1365,E,23 51.0489 S,165 38.6420 W,5694.13,124.2,53.2,39.66,75,71,1,11,0,0,0,11,0,10/21/2010 20:30,10/27/2010 21:15,6.03,,
329,U1366,A,26 03.0945 S,156 53.6591 W,5135.04,17.8,NULL,NULL,0,17.8,1,0,0,0,0,0,0,10/29/2010 22:15,10/30/2010 8:45,0.44,Wash down hole.,
329,U1366,B,26 03.0950 S,156 53.6714 W,5130.84,17.2,17.2,17.31,101,NULL,0,2,2,0,0,0,0,10/30/2010 8:45,10/30/2010 13:00,0.18,Shoot depth 5140 mbrf,
329,U1366,C,26 03.0845 S,156 53.6700 W,5129.54,25,25,25.42,102,NULL,0,3,3,0,0,0,0,10/30/2010 13:00,10/30/2010 17:15,0.18,Shoot depth 5137 mbrf,
329,U1366,D,26 03.0850 S,156 53.6652 W,5126.14,20.9,20.9,18.86,90,NULL,0,4,3,0,1,0,0,10/30/2010 17:15,10/30/2010 23:30,0.26,Shoot depth 5137 mbrf,
329,U1366,E,26 03.0843 S,156 53.6825 W,5127.83,4.7,4.7,4.71,100,NULL,0,1,1,0,0,0,0,10/30/2010 23:30,10/31/2010 0:15,0.03,Shoot depth 5134 mbrf,
329,U1366,F,26 03.0836 S,156 53.6937 W,5127.03,30.1,30.1,30.15,100,NULL,0,4,4,0,0,0,0,10/31/2010 0:15,10/31/2010 18:15,0.75,Shoot depth 5134 mbrf,
329,U1367,A,26 28.8972 S,137 56.3646 W,4290.94,21.2,NULL,NULL,0,21.2,1,0,0,0,0,0,0,11/3/2010 23:00,11/5/2010 8:15,1.39,,
329,U1367,B,26 28.8966 S,137 56.3777 W,4288.94,22.3,22.3,22.31,100,NULL,0,4,4,0,0,0,0,11/5/2010 8:15,11/5/2010 14:45,0.27,,
329,U1367,C,26 28.8860 S,137 56.3783 W,4288.24,26.7,26.7,27.01,101,NULL,0,4,4,0,0,0,0,11/5/2010 14:45,11/5/2010 20:00,0.22,,
329,U1367,D,26 28.8861 S,137 56.3659 W,4288.04,25.5,25.5,24.54,96,NULL,0,4,4,0,0,0,0,11/5/2010 20:00,11/6/2010 3:00,0.29,,
329,U1367,E,26 28.8856 S,137 56.3538 W,4287.64,24.4,24.4,23.15,95,NULL,0,3,3,0,0,0,0,11/6/2010 3:00,11/6/2010 14:00,0.46,,
329,U1367,F,26 28.8960 S,137 56.3538 W,4288.94,55.5,38.5,4.33,11,17,1,5,0,0,0,5,0,11/6/2010 14:00,11/9/2010 5:45,2.66,,
329,U1368,A,27 55.0017 S,123 09.6562 W,3739.98,13.6,NULL,NULL,0,13.6,1,0,0,0,0,0,0,11/12/2010 15:45,11/13/2010 2:00,0.43,,
329,U1368,B,27 55.0024 S,123 09.6679 W,3739.06,16,16,15.84,99,NULL,0,3,3,0,0,0,0,11/13/2010 2:00,11/13/2010 7:00,0.21,Shoot depth at 3746 mbrf,
329,U1368,C,27 54.9916 S,123 09.6681 W,3738.56,16.3,16.3,16.34,100,NULL,0,2,2,0,0,0,0,11/13/2010 7:00,11/13/2010 9:15,0.09,Shoot depth 3748 mbrf,
329,U1368,D,27 54.9920 S,123 09.6561 W,3739.06,15,15,15.04,100,NULL,0,2,2,0,0,0,0,11/13/2010 9:15,11/13/2010 11:30,0.09,Shoot depth 3748 mbrf,
329,U1368,E,27 54.9918 S,123 09.6442 W,3740.96,10.6,10.6,10.58,100,NULL,0,2,2,0,0,0,0,11/13/2010 11:30,11/13/2010 20:00,0.35,Shoot depth 3748 mbrf,
329,U1368,F,27 55.0021 S,123 09.6433 W,3740.96,115.1,115.1,31.74,28,NULL,0,14,0,0,0,14,0,11/13/2010 20:00,11/18/2010 12:30,4.69,,
329,U1369,A,39 18.6177 S,139 48.0383 W,5279.43,12.2,NULL,NULL,0,12.2,1,0,0,0,0,0,0,11/22/2010 15:00,11/23/2010 1:30,0.44,,
329,U1369,B,39 18.6178 S,139 48.0522 W,5275.23,15.9,15.9,18.14,114,NULL,0,3,3,0,0,0,0,11/23/2010 1:30,11/23/2010 10:30,0.38,,
329,U1369,C,39 18.6070 S,139 48.0519 W,5276.93,14.6,14.6,16.1,110,NULL,0,3,3,0,0,0,0,11/23/2010 10:30,11/23/2010 15:30,0.21,,
329,U1369,D,39 18.6069 S,139 48.0378 W,5276.93,0.1,0.1,0.08,80,NULL,0,1,1,0,0,0,0,11/23/2010 15:30,11/23/2010 16:15,0.03,,
329,U1369,E,39 18.6070 S,139 48.0246 W,5277.73,15.5,15.5,15.49,100,NULL,0,3,3,0,0,0,0,11/23/2010 16:15,11/24/2010 7:30,0.64,,
329,U1370,A,41 51.1289 S,153 06.3799 W,5074.58,66.7,NULL,NULL,0,66.7,1,0,0,0,0,0,0,11/26/2010 16:00,11/27/2010 6:15,0.59,Offset from Hole U1370B,
329,U1370,B,41 51.1285 S,153 06.3953 W,5074.58,7.8,7.8,7.81,100,NULL,0,1,1,0,0,0,0,11/27/2010 6:15,11/27/2010 10:00,0.16,,
329,U1370,C,41 51.1171 S,153 06.3975 W,5074.58,7.8,NULL,NULL,0,7.8,1,0,0,0,0,0,0,11/27/2010 10:00,11/27/2010 20:00,0.42,,
329,U1370,D,41 51.1156 S,153 06.3812 W,5073.58,68.2,68.2,70.26,103,NULL,0,8,8,0,0,0,0,11/27/2010 20:00,11/28/2010 12:45,0.7,,
329,U1370,E,41 51.1158 S,153 06.3668 W,5074.16,65.6,65.6,70.2,107,NULL,0,9,9,0,0,0,0,11/28/2010 12:45,11/29/2010 9:00,0.84,,
329,U1370,F,41 51.1267 S,153 06.3674 W,5073.65,64.7,64.7,66.32,103,NULL,0,8,8,0,0,0,0,11/29/2010 9:00,11/30/2010 6:00,0.88,,
329,U1371,A,45 57.8492 S,163 11.0513 W,5305.2,123.5,NULL,NULL,0,123.5,1,0,0,0,0,0,0,12/2/2010 9:00,12/2/2010 23:45,0.61,Basement at 5438.5 mbrf,
329,U1371,B,45 57.8509 S,163 11.0673 W,5305.18,8.1,8.1,8.15,101,NULL,0,1,1,0,0,0,0,12/2/2010 23:45,12/3/2010 3:00,0.14,Water core from 5310 mbrf.,
329,U1371,C,45 57.8404 S,163 11.0684 W,5300.78,9.5,9.5,9.83,103,NULL,0,1,1,0,0,0,0,12/3/2010 3:00,12/3/2010 4:45,0.07,,
329,U1371,D,45 57.8394 S,163 11.0512 W,5299.88,126,126,126.87,101,NULL,0,14,14,0,0,0,0,12/3/2010 4:45,12/4/2010 13:30,1.36,,
329,U1371,E,45 57.8397 S,163 11.0365 W,5287.55,128.2,128.2,118.16,92,NULL,0,14,14,0,0,0,0,12/4/2010 13:30,12/5/2010 11:00,0.9,,
329,U1371,F,45 57.8502 S,163 11.0369 W,5285.64,130.6,130.6,118.44,91,NULL,0,14,14,0,0,0,0,12/5/2010 11:00,12/6/2010 7:00,0.83,,
329,U1371,G,45 57.8637 S,163 11.0360 W,5302.72,1.4,1.4,1.37,98,NULL,0,1,1,0,0,0,0,12/6/2010 7:00,12/6/2010 9:45,0.11,,
329,U1371,H,45 57.8648 S,163 11.0512 W,5298.92,6.2,6.2,6.19,100,NULL,0,1,1,0,0,0,0,12/6/2010 9:45,12/6/2010 23:30,0.57,Retired Bit CX186,
330,U1372,A,26 29.6017 S,174 43.7506 W,1957.57,232.9,232.9,139.73,60,NULL,0,38,0,0,0,38,0,12/21/2010 16:00,12/31/2010 3:00,9.46,"2nd bit SN407, 34.1. Sever BHA when stuck.",
330,U1373,A,28 33.8907 S,173 16.8499 W,1447.03,65.7,65.7,47.22,72,NULL,0,13,0,0,0,13,0,12/31/2010 17:30,1/5/2011 12:15,4.78,Offset to sea level is 11.0 m,
330,U1374,A,28 35.7513 S,173 22.8294 W,1559,522,522,457.89,88,NULL,0,73,0,0,0,73,0,1/5/2011 16:30,1/23/2011 19:45,18.14,Offset to sea level is 11.0 m,
330,U1375,A,33 41.9020 S,171 26.9395 W,1269.02,11.5,11.5,1.5,13,NULL,0,2,0,0,0,2,0,1/25/2011 3:30,1/25/2011 22:30,0.79,,
330,U1375,B,33 41.7860 S,171 27.0753 W,1258.02,8.5,8.5,0.57,7,NULL,0,1,0,0,0,1,0,1/25/2011 22:30,1/26/2011 13:45,0.64,,
330,U1376,A,32 13.0429 S,171 52.8396 W,1503.29,182.8,182.8,136.17,74,NULL,0,23,0,0,0,23,0,1/26/2011 23:00,2/3/2011 22:00,7.96,1503.3 mbsl or -11 m offset from mbrf.,
330,U1377,A,38 10.9808 S,168 38.2620 W,1250.75,53.3,53.3,8.76,16,NULL,0,6,0,0,0,6,0,2/5/2011 9:30,2/5/2011 18:15,0.36,1250.8 mbsl or 11.2 m offset from DES.,
330,U1377,B,38 11.2500 S,168 38.2587 W,1250.75,37,37,14.47,39,NULL,0,4,0,0,0,4,1,2/5/2011 18:15,2/8/2011 7:30,2.55,1250.8 mbsl,
334,U1378,A,08 35.5415 N,084 04.6313 W,525.45,456.9,NULL,NULL,0,456.9,1,0,0,0,0,0,0,3/17/2011 10:00,3/20/2011 2:30,2.69,LWD (logging while drilling hole),
334,U1378,B,08 35.5408 N,084 04.6415 W,521.86,523.9,523.9,526.39,100,NULL,0,63,16,0,47,0,0,4/2/2011 11:00,4/6/2011 20:45,4.41,,
334,U1379,A,08 40.8501 N,084 02.0166 W,125.85,962.8,NULL,NULL,0,962.8,1,0,0,0,0,0,0,3/20/2011 3:45,3/23/2011 23:00,3.8,LWD Hole,
334,U1379,B,08 40.8502 N,084 02.0277 W,127.28,10.5,10.5,8.72,83,NULL,0,2,2,0,0,0,0,3/25/2011 5:30,3/25/2011 10:30,0.21,,
334,U1379,C,08 40.8605 N,084 02.0274 W,128.36,939.3,939.3,805.65,86,NULL,0,117,17,0,100,0,0,3/25/2011 10:30,4/2/2011 9:45,7.97,,
334,U1380,A,08 35.9976 N,084 04.4032 W,503.57,482.4,85.4,52.37,61,397,1,9,0,0,0,9,0,4/6/2011 21:30,4/8/2011 20:00,1.94,Drill down with C/B to ~400 mbsf,
334,U1381,A,08 25.7150 N,084 09.4690 W,2068.71,164.1,164.1,73.86,45,NULL,0,26,0,0,0,26,0,4/8/2011 21:30,4/12/2011 2:15,3.2,,
334,U1381,B,08 25.7149 N,084 09.4805 W,2068.67,90,29,15.98,55,61,3,3,0,0,0,3,0,4/12/2011 2:15,4/12/2011 19:00,0.7,,
335,NULL,NULL,06 44.1631 N,091 56.0612 W,NULL,14.5,14.5,1.64,11,NULL,0,5,0,0,0,5,7,4/19/2011 1:15,5/30/2011 11:50,41.44,,
336,U1382,A,22 45.3531 N,046 04.8911 W,4482.89,210,100,31.79,32,110,2,11,0,0,0,11,0,10/1/2011 12:30,10/12/2011 11:45,10.97,Shallow Cork,
336,U1382,B,22 45.3528 N,046 04.8748 W,4482.54,98.8,98.8,84.28,85,NULL,0,12,10,0,2,0,0,11/8/2011 15:15,11/9/2011 10:00,0.78,APC/XCB to basement,
336,U1383,A,22 48.1229 N,046 03.1661 W,4413.92,36,NULL,NULL,0,36,1,0,0,0,0,0,0,10/12/2011 11:45,10/13/2011 9:30,0.91,Jet-in Test,
336,U1383,B,22 48.1328 N,046 03.1556 W,4413.92,89.8,NULL,NULL,0,89.8,3,0,0,0,0,0,0,10/13/2011 9:30,10/19/2011 17:45,6.34,"Re-entry system, 20"," 16"" 10 3/4"" & RCB """
336,U1383,C,22 48.1241 N,046 03.1662 W,4413.82,331.5,262,50.31,19,69.5,2,31,0,0,0,31,0,10/19/2011 17:45,11/7/2011 3:15,18.4,Re-entry system 16," 10 3/4"" & RCB"""
336,U1383,D,22 48.1316 N,046 03.1628 W,4413.76,44.3,44.3,48.65,110,NULL,0,7,6,0,1,0,0,11/7/2011 3:15,11/7/2011 23:45,0.85,APC/XCB to basment,
336,U1383,E,22 48.1283 N,046 03.1582 W,4413.76,44.2,44.2,50.28,114,NULL,0,7,6,0,1,0,0,11/7/2011 23:45,11/8/2011 10:00,0.43,APC/XCB to basment,
336,U1384,A,22 48.7086 N,046 05.3464 W,4464.43,96.2,96.2,94.09,98,NULL,0,12,11,0,1,0,0,11/9/2011 18:15,11/11/2011 0:45,1.27,APC/XCB to basement,
336,U395,A,22 45.3519 N,046 04.8609 W,NULL,NULL,NULL,NULL,0,NULL,0,0,0,0,0,0,0,9/21/2011 0:15,9/29/2011 2:15,8.08,"Existing hole, no drilling, no bit info",
339,U1385,A,37 34.2894 N,010 07.5708 W,2577.74,151.5,151.5,155.87,103,NULL,0,17,17,0,0,0,0,NULL,NULL,NULL,SHACK-04A,
339,U1385,B,37 34.2892 N,010 07.5561 W,2586.64,146.3,146.3,150.73,103,NULL,0,16,16,0,0,0,0,NULL,NULL,NULL,SHACK-04A,
339,U1385,C,37 34.2892 N,010 07.5561 W,2586.2,9.5,9.5,9.87,104,NULL,0,1,1,0,0,0,0,NULL,NULL,NULL,SHACK-04A,
339,U1385,D,37 34.2784 N,010 07.5559 W,2583.8,146.4,146.4,153.95,105,NULL,0,16,16,0,0,0,0,NULL,NULL,NULL,SHACK-04A,
339,U1385,E,37 34.2785 N,010 07.5692 W,2588.7,148.7,148.7,151.32,102,NULL,0,17,17,0,0,0,0,NULL,NULL,NULL,SHACK-04A,
339,U1386,A,36 49.6885 N,007 45.3309 W,560.45,349.3,349.3,347.04,99,NULL,0,39,21,0,18,0,0,NULL,NULL,NULL,GC-01A,
339,U1386,B,36 49.6880 N,007 45.3168 W,561.9,464.9,464.9,421.6,91,NULL,0,50,18,0,32,0,0,NULL,NULL,NULL,,
339,U1386,C,36 49.6773 N,007 45.3165 W,561.85,140.2,140.2,82,58,NULL,0,15,0,0,0,15,3,NULL,NULL,NULL,,
339,U1387,A,36 48.3246 N,007 43.1408 W,558.69,352.4,352.4,347.84,99,NULL,0,38,6,0,32,0,0,NULL,NULL,NULL,Site GC-09A (Portugal),
339,U1387,B,36 48.3246 N,007 43.1278 W,558.18,338.3,338.3,327.61,97,NULL,0,36,5,0,31,0,0,NULL,NULL,NULL,,
339,U1387,C,36 48.3139 N,007 43.1277 W,558.41,580,580,409.5,71,NULL,0,61,0,0,0,61,1,NULL,NULL,NULL,,
339,U1388,A,36 16.1378 N,006 47.6602 W,663.65,3.4,3.4,3.64,107,NULL,0,1,1,0,0,0,0,NULL,NULL,NULL,GC-04D,
339,U1388,B,36 16.1383 N,006 47.6413 W,658.46,225.7,225.7,107,47,NULL,0,24,0,0,24,0,0,NULL,NULL,NULL,XCB spud,
339,U1388,C,36 16.1495 N,006 47.6411 W,662.51,24,24,10.36,43,NULL,0,3,0,0,0,3,1,NULL,NULL,NULL,Unstable hole-abandoned,
339,U1389,A,36 25.5183 N,007 16.6907 W,644.68,354.9,354.9,335.6,95,NULL,0,39,11,0,28,0,0,NULL,NULL,NULL,Site GC-11A,
339,U1389,B,36 25.5199 N,007 16.6772 W,643.98,9.5,9.5,9.72,102,NULL,0,1,1,0,0,0,0,NULL,NULL,NULL,,
339,U1389,C,36 25.5199 N,007 16.6772 W,642.95,350,350,328.48,94,NULL,0,38,10,0,28,0,0,NULL,NULL,NULL,,
339,U1389,D,36 25.5092 N,007 16.6772 W,NULL,94,94,97.41,104,NULL,0,11,11,0,0,0,0,NULL,NULL,NULL,,
339,U1389,E,36 25.5084 N,007 16.6906 W,643.45,655,655,352.28,54,NULL,0,69,0,0,0,69,1,NULL,NULL,NULL,,
339,U1390,A,36 19.0387 N,007 43.0812 W,993.44,350,350,326.26,93,NULL,0,38,9,0,29,0,0,NULL,NULL,NULL,Site GC-02B,
339,U1390,B,36 19.1460 N,007 43.0815 W,990.74,194.1,194.1,189.93,98,NULL,0,21,21,0,0,0,0,NULL,NULL,NULL,Stuck cbbl required round trip of pipe,
339,U1390,C,36 19.1466 N,007 43.0674 W,992.44,175.4,175.4,170.08,97,NULL,0,19,19,0,0,0,0,NULL,NULL,NULL,,
339,U1391,A,37 21.5392 N,009 24.6601 W,1073.68,353.1,353.1,342.62,97,NULL,0,38,19,0,19,0,0,NULL,NULL,NULL,Site WI-01B,
339,U1391,B,37 21.5288 N,009 24.6604 W,1073.28,353.5,353.5,346.93,98,NULL,0,38,18,0,20,0,0,NULL,NULL,NULL,,
339,U1391,C,37 21.5286 N,009 24.6468 W,1073.28,331.5,331.5,269.02,81,NULL,0,35,0,0,0,35,1,NULL,NULL,NULL,,
340,U1393,A,16 43.1316 N,062 05.0594 W,925.94,47.5,47.5,5.42,11,NULL,0,7,2,0,5,0,0,3/6/2012 14:30,3/8/2012 6:30,1.67,,
340,U1394,A,16 38.4259 N,062 02.2822 W,NULL,244.5,244.5,57.37,23,NULL,0,27,4,0,23,0,0,3/8/2012 8:30,3/10/2012 14:45,2.26,,
340,U1394,B,16 38.4375 N,062 02.2819 W,1114.16,181.4,181.4,141.15,78,NULL,0,21,16,0,5,0,0,3/10/2012 14:45,3/12/2012 21:45,2.29,,
340,U1395,A,16 29.5988 N,061 57.0858 W,1200.95,231.3,231.3,144.18,62,NULL,0,28,15,0,13,0,0,3/12/2012 23:00,3/14/2012 14:00,1.63,,
340,U1395,B,16 29.5985 N,061 57.0751 W,1200.18,203.3,203.3,140.21,69,NULL,0,25,15,0,10,0,0,3/14/2012 14:00,3/16/2012 16:00,2.08,,
340,U1396,A,16 30.4841 N,062 27.1017 W,787.45,134.9,134.9,140.51,104,NULL,0,15,15,0,0,0,0,3/16/2012 18:45,3/17/2012 12:15,0.73,,
340,U1396,B,16 30.4847 N,062 27.0912 W,787.45,14.5,9.5,10,105,5,1,1,1,0,0,0,0,3/17/2012 12:15,3/17/2012 13:30,0.05,Drill down 5m and take one APC core,
340,U1396,C,16 30.4729 N,062 27.0905 W,786.65,139.4,139.4,145.92,105,NULL,0,15,15,0,0,0,0,3/17/2012 13:30,3/18/2012 5:30,0.67,,
340,U1397,A,14 54.4081 N,061 25.3530 W,2482.24,265.5,261.1,144.2,55,4.4,1,34,19,0,15,0,0,3/18/2012 15:45,3/20/2012 21:00,2.22,,
340,U1397,B,14 54.4075 N,061 25.3421 W,2481.41,253.5,248.7,131.46,53,4.8,1,32,16,0,16,0,0,3/20/2012 21:00,3/23/2012 22:45,3.07,,
340,U1398,A,14 16.6984 N,061 53.3422 W,2935.3,268.6,268.6,115.09,43,NULL,0,30,11,0,19,0,0,3/24/2012 3:00,3/26/2012 1:45,1.95,,
340,U1398,B,14 16.6987 N,061 53.3309 W,2935.08,263.4,263.4,186.75,71,NULL,0,34,24,0,10,0,0,3/26/2012 1:45,3/28/2012 10:30,2.36,,
340,U1399,A,14 23.2419 N,061 42.6883 W,2900.84,274.7,274.7,219.88,80,NULL,0,36,29,0,7,0,0,3/28/2012 18:15,3/30/2012 17:15,1.96,,
340,U1399,B,14 23.3639 N,061 42.5380 W,2900.22,183,180.5,183.04,101,2.5,1,26,26,0,0,0,0,3/30/2012 17:15,4/1/2012 5:00,1.49,,
340,U1399,C,14 23.2593 N,061 42.6665 W,2900.81,240,NULL,NULL,0,240,1,0,0,0,0,0,0,4/1/2012 5:00,4/4/2012 10:15,3.22,Logging Hole,
340,U1400,A,14 32.5831 N,061 27.5492 W,2744.35,51.3,51.3,51.8,101,NULL,0,9,9,0,0,0,0,4/4/2012 12:30,4/5/2012 10:45,0.93,,
340,U1400,B,14 32.2023 N,061 27.4065 W,2743.05,212.5,212.5,215.19,101,NULL,0,28,28,0,0,0,0,4/5/2012 10:45,4/7/2012 6:30,1.82,,
340,U1400,C,14 32.1935 N,061 27.4028 W,2743.03,436,421,304.49,72,15,1,48,21,0,27,0,0,4/7/2012 6:30,4/13/2012 3:30,5.88,,
340,U1401,A,14 39.0991 N,061 25.0797 W,2596.73,81.5,81.5,15.61,19,NULL,0,11,4,0,7,0,0,4/13/2012 3:30,4/14/2012 10:15,1.28,,
340,U1401,B,14 39.0237 N,061 25.2273 W,2606.22,12.9,12.9,12.42,96,NULL,0,3,3,0,0,0,0,4/14/2012 10:15,4/14/2012 15:45,0.23,,
340,U1401,C,14 39.1744 N,061 24.9323 W,2578.82,10.3,10.3,10.44,101,NULL,0,3,3,0,0,0,0,4/14/2012 15:45,4/14/2012 20:00,0.18,,
340,U1401,D,14 38.9463 N,061 25.3743 W,2618.61,9.2,9.2,9.12,99,NULL,0,1,1,0,0,0,0,4/14/2012 20:00,4/15/2012 8:30,0.52,,
340T,U1392,A,30 10.1195 N,042 07.1131 W,1644.55,0.01,0.01,0.01,100,NULL,0,1,0,0,0,0,1,NULL,NULL,NULL,Single gravity core with apc barrel,
341,U1417,A,56 57.5996 N,147 06.5985 W,4187.7,168,168,167.74,100,NULL,0,22,22,0,0,0,0,6/4/2013 19:00,6/6/2013 17:35,1.94,,
341,U1417,B,56 57.5999 N,147 06.5781 W,4189.81,358.8,358.8,262.96,73,NULL,0,47,33,0,14,0,0,6/6/2013 17:35,6/10/2013 0:45,3.3,,
341,U1417,C,56 57.5888 N,147 06.5769 W,4188.08,226,225,216.83,96,1,1,28,28,0,0,0,0,6/10/2013 0:45,6/11/2013 15:25,1.61,,
341,U1417,D,56 57.5896 N,147 06.5973 W,4187.08,470.3,466.5,304.42,65,3.8,1,64,36,0,28,0,0,6/11/2013 15:25,6/16/2013 22:30,5.3,,
341,U1417,E,56 57.5888 N,147 06.5983 W,4188.56,709.5,348.7,146.92,42,360.8,2,37,0,0,0,37,0,6/16/2013 22:30,6/23/2013 9:45,6.47,"Offset depth to Hole U1417D, tide corrected",
341,U1418,A,58 46.6095 N,144 29.5777 W,3668.17,209.9,209.9,216.85,103,NULL,0,33,33,0,0,0,0,6/23/2013 23:00,6/25/2013 19:55,1.87,,
341,U1418,B,58 46.6100 N,144 29.5559 W,3667.48,17,17,17.08,100,NULL,0,2,2,0,0,0,0,6/25/2013 19:55,6/25/2013 23:25,0.15,,
341,U1418,C,58 46.5991 N,144 29.5570 W,3665.98,230.7,228.2,229.48,101,2.5,1,32,32,0,0,0,0,6/25/2013 23:25,6/27/2013 15:10,1.66,,
341,U1418,D,58 46.5993 N,144 29.5779 W,3666.47,305.8,302.8,279.77,92,3,1,36,31,0,5,0,0,6/27/2013 15:10,6/29/2013 17:00,2.08,OFFSET tide corrected from average of the first 3 holes,
341,U1418,E,58 46.5890 N,144 29.5771 W,NULL,181.6,100.6,98.7,98,81,2,11,11,0,0,0,0,6/29/2013 17:00,7/1/2013 3:00,1.42,,
341,U1418,F,58 46.5883 N,144 29.5986 W,3666.98,948.7,688.7,495.2,72,260,1,71,0,0,0,71,0,7/1/2013 3:00,7/10/2013 0:30,8.9,,
341,U1419,A,59 31.9297 N,144 08.0282 W,687.38,193,193,111.24,58,NULL,0,29,20,0,9,0,0,7/10/2013 5:15,7/11/2013 11:45,1.27,,
341,U1419,B,59 31.9309 N,144 08.0080 W,NULL,114,113,99.05,88,1,1,18,18,0,0,0,0,7/11/2013 11:45,7/12/2013 3:40,0.66,,
341,U1419,C,59 31.9204 N,144 08.0079 W,NULL,109.1,107.1,100.37,94,2,1,19,19,0,0,0,0,7/12/2013 3:40,7/12/2013 22:25,0.78,,
341,U1419,D,59 31.9200 N,144 08.0515 W,687.49,114.2,103.7,105.1,101,10.5,4,20,20,0,0,0,0,7/12/2013 22:25,7/13/2013 16:10,0.74,,
341,U1419,E,59 31.9310 N,144 08.0474 W,685.48,98.7,75.5,72.1,95,23.2,4,15,15,0,0,0,0,7/13/2013 16:10,7/14/2013 8:30,0.68,,
341,U1420,A,59 41.3399 N,143 12.0599 W,248.2,1020.8,1020.8,139.91,14,NULL,0,106,0,0,0,106,0,7/14/2013 11:45,7/22/2013 9:00,7.89,,
341,U1421,A,59 30.4399 N,143 02.7395 W,718.47,702.7,702.7,140.72,20,NULL,0,85,19,0,66,0,0,7/22/2013 10:30,7/28/2013 1:15,5.61,,
341,U1421,B,59 30.4284 N,143 02.7188 W,722.59,6.2,6.2,6.23,100,NULL,0,1,1,0,0,0,0,7/28/2013 1:15,7/28/2013 3:25,0.09,,
341,U1421,C,59 30.4298 N,143 02.7387 W,721.69,38.2,38.2,29.06,76,NULL,0,6,6,0,0,0,0,7/28/2013 3:25,7/28/2013 18:45,0.64,,
341S,U1416,A,48 40.1823 N,126 50.8509 W,1260.83,NULL,NULL,NULL,0,NULL,0,0,0,0,0,0,0,5/23/2013 22:57,5/25/2013 14:20,1.64,SCIMPI deployment hole,
341S,U1416,B,48 40.2032 N,126 50.8495 W,1260.83,NULL,NULL,NULL,0,NULL,0,0,0,0,0,0,0,5/25/2013 14:20,5/28/2013 20:00,3.24,Aborted dedicated logging hole,
341S,U858,G,48 27.3588 N,128 42.5342 W,2416.84,NULL,NULL,NULL,0,NULL,0,0,0,0,0,0,0,5/21/2013 0:00,5/23/2013 13:42,2.57,Unsuccessful CORK recovery attempt,
342,U1402,A,39 13.5182 N,072 16.5488 W,638.59,96.4,NULL,NULL,0,96.4,1,0,0,0,0,0,0,6/6/2012 15:42,6/8/2012 1:10,1.39,Eng. test - wash down ~100 meters,
342,U1402,B,39 13.5183 N,072 16.5354 W,639.11,15,15,15.05,100,NULL,0,2,2,0,0,0,0,6/8/2012 1:10,6/8/2012 13:30,0.51,,
342,U1403,A,39 56.5997 N,051 48.1998 W,4944.27,253.3,253.3,231.82,92,NULL,0,29,17,0,12,0,0,6/11/2012 17:08,6/14/2012 12:40,2.81,,
342,U1403,B,39 56.5993 N,051 48.1855 W,4948.67,265.1,265.1,229.81,87,NULL,0,32,20,0,12,0,0,6/14/2012 12:40,6/19/2012 15:15,5.11,,
342,U1404,A,40 00.7997 N,051 48.5990 W,4742.26,308.8,308.8,281.02,91,NULL,0,36,32,0,4,0,0,6/19/2012 14:55,6/22/2012 20:40,3.24,,
342,U1404,B,40 00.7999 N,051 48.5856 W,4747.56,228.7,228.7,228.04,100,NULL,0,27,27,0,0,0,0,6/22/2012 20:40,6/24/2012 13:10,1.69,,
342,U1404,C,40 00.7890 N,051 48.5857 W,4747.54,44.5,28.5,28.98,102,16,1,3,3,0,0,0,0,6/24/2012 13:10,6/24/2012 19:45,0.27,,
342,U1405,A,40 08.3001 N,051 49.1996 W,4285.76,308.6,308.6,270.34,88,NULL,0,33,26,0,7,0,0,6/25/2012 7:45,6/27/2012 11:20,2.15,,
342,U1405,B,40 08.2995 N,051 49.1845 W,4284.48,223.5,218.5,219.6,101,5,1,23,23,0,0,0,0,6/27/2012 11:20,6/28/2012 16:10,1.2,,
342,U1405,C,40 08.2890 N,051 49.1847 W,4287.28,232,232,227.77,98,NULL,0,25,25,0,0,0,0,6/28/2012 16:10,6/30/2012 2:00,1.41,,
342,U1406,A,40 20.9992 N,051 38.9994 W,3814.79,283.3,283.3,267.3,94,NULL,0,34,25,0,9,0,0,6/30/2012 14:35,7/2/2012 19:20,2.2,,
342,U1406,B,40 20.9995 N,051 38.9851 W,3813.66,253.6,253.6,241.34,95,NULL,0,30,22,0,8,0,0,7/2/2012 19:20,7/4/2012 14:35,1.8,,
342,U1406,C,40 20.9892 N,051 38.9853 W,3813.04,241.4,236.4,223.02,94,5,2,27,17,0,10,0,0,7/4/2012 14:35,7/6/2012 16:00,2.06,,
342,U1407,A,41 25.4993 N,049 48.7987 W,3073.13,308.7,308.7,205.64,67,NULL,0,35,15,0,20,0,0,7/7/2012 8:00,7/9/2012 10:05,2.09,,
342,U1407,B,41 25.4990 N,049 48.7840 W,3073.47,276.3,241.3,234.54,97,35,2,26,10,0,16,0,0,7/9/2012 10:05,7/10/2012 13:40,1.15,,
342,U1407,C,41 25.5000 N,049 48.8137 W,3075.16,261.6,237.6,244.36,103,24,2,27,10,0,17,0,0,7/10/2012 13:40,7/11/2012 19:15,1.23,,
342,U1408,A,41 26.2985 N,049 47.1483 W,3021.56,246.5,246.5,243.92,99,NULL,0,27,20,0,7,0,0,7/11/2012 20:45,7/13/2012 10:45,1.58,,
342,U1408,B,41 26.2989 N,049 47.1361 W,3022.11,217.5,214.5,224.09,104,3,1,25,17,0,8,0,0,7/13/2012 10:45,7/14/2012 17:00,1.26,,
342,U1408,C,41 26.2878 N,049 47.1345 W,3022.49,187.5,184.5,181.52,98,3,1,22,18,0,4,0,0,7/14/2012 17:00,7/16/2012 7:15,1.59,,
342,U1409,A,41 17.7501 N,049 13.9996 W,3503.2,200.1,200.1,183.33,92,NULL,0,26,16,0,10,0,0,7/16/2012 10:10,7/18/2012 5:50,1.82,,
342,U1409,B,41 17.7493 N,049 13.9852 W,3500.97,170.5,170.5,167.09,98,NULL,0,19,14,0,5,0,0,7/18/2012 5:50,7/19/2012 3:40,0.91,,
342,U1409,C,41 17.7392 N,049 13.9853 W,3500.45,160.8,160.8,160.98,100,NULL,0,21,14,0,7,0,0,7/19/2012 3:40,7/20/2012 15:15,1.48,,
342,U1410,A,41 19.6987 N,049 10.1995 W,3387.25,259.8,259.8,256.88,99,NULL,0,28,16,0,12,0,0,7/20/2012 18:45,7/22/2012 5:00,1.43,,
342,U1410,B,41 19.6993 N,049 10.1847 W,3386.92,245.2,245.2,244.84,100,NULL,0,28,18,0,10,0,0,7/22/2012 5:00,7/23/2012 16:20,1.47,,
342,U1410,C,41 19.6885 N,049 10.1854 W,3386.92,243.8,243.8,238.81,98,NULL,0,27,16,0,11,0,0,7/23/2012 16:20,7/25/2012 9:15,1.7,,
342,U1411,A,41 37.0992 N,048 59.9990 W,3298.82,9.5,9.5,9.87,104,NULL,0,1,1,0,0,0,0,7/25/2012 11:15,7/25/2012 23:20,0.5,OFFSET from B-Hole,
342,U1411,B,41 37.0993 N,048 59.9839 W,3298.79,254.2,254.2,233.94,92,NULL,0,28,20,0,8,0,0,7/25/2012 23:20,7/27/2012 13:10,1.58,,
342,U1411,C,41 37.0890 N,048 59.9856 W,3300.18,223.9,133.1,118.62,89,90.8,1,16,8,0,8,0,0,7/27/2012 13:10,7/29/2012 5:00,1.66,,
344,U1380,B,08 35.9952 N,084 04.3908 W,502.73,49.97,NULL,NULL,0,50,1,0,0,0,0,0,0,10/27/2012 23:15,10/28/2012 21:30,0.93,Jet-in Test for 16 in casing,
344,U1380,C,08 35.9879 N,084 04.3918 W,502.73,800,362,202.35,56,438,2,51,0,0,0,51,0,10/28/2012 21:30,11/14/2012 7:00,16.4,Jet-in Casing,
344,U1381,C,08 25.7027 N,084 09.4800 W,2064.56,103.8,103.8,109.03,105,NULL,0,13,12,0,1,0,0,10/26/2012 12:15,10/27/2012 21:45,1.4,,
344,U1412,A,08 29.3294 N,084 07.6686 W,1920.66,200.3,200.3,170.03,85,NULL,0,25,15,0,10,0,0,11/14/2012 8:00,11/16/2012 20:10,2.51,,
344,U1412,B,08 29.1599 N,084 07.7512 W,1964.94,304.3,155.2,28.26,18,149.1,1,19,1,0,18,0,0,11/16/2012 20:15,11/21/2012 4:45,4.35,,
344,U1412,C,08 29.1700 N,084 07.7467 W,1964.95,387,87,36.57,42,300,1,9,0,0,0,9,0,11/21/2012 4:45,11/24/2012 4:00,2.97,,
344,U1412,D,08 29.1402 N,084 07.7793 W,1972.95,369.2,18.8,12.25,65,350.4,1,2,0,0,0,2,0,12/1/2012 9:30,12/3/2012 3:05,1.73,,
344,U1413,A,08 44.4593 N,084 06.8095 W,539.91,189.1,189.1,187.28,99,NULL,0,26,18,0,8,0,0,11/24/2012 5:30,11/26/2012 5:55,2.02,,
344,U1413,B,08 44.4593 N,084 06.7992 W,540.37,25.6,25.6,27.44,107,NULL,0,3,3,0,0,0,0,11/26/2012 5:55,11/26/2012 11:50,0.25,,
344,U1413,C,08 44.4482 N,084 06.7993 W,540.37,582.2,404.2,313.94,78,178,1,42,0,0,0,42,0,11/26/2012 11:50,12/1/2012 7:45,4.83,,
344,U1414,A,08 30.2304 N,084 13.5298 W,2458.55,471.6,471.6,383.95,81,NULL,0,63,22,0,13,28,0,12/3/2012 3:05,NULL,NULL,,
345,U1415,A,02 15.1757 N,101 32.5695 W,4837.34,10.3,NULL,NULL,0,10.3,1,0,0,0,0,0,0,12/22/2012 6:45,12/23/2012 10:45,1.17,"10.3m, Jet-in test #1 to verify sediment thickness",
345,U1415,B,02 15.1355 N,101 32.8671 W,4845.14,11.7,NULL,NULL,0,11.7,1,0,0,0,0,0,0,12/23/2012 10:45,12/23/2012 16:30,0.24,"11.7m, 2nd jet-in test to verify sediment thickness",
345,U1415,C,02 15.1349 N,101 32.8669 W,4845.14,12,NULL,NULL,0,12,1,0,0,0,0,0,0,12/23/2012 16:30,12/24/2012 14:30,0.92,"12.0m ?, 3rd jet-in test terminated - unable to rotate; BHA recovered bent",
345,U1415,D,02 15.1437 N,101 32.7441 W,4839.63,4.2,NULL,NULL,0,4.2,1,0,0,0,0,0,0,12/24/2012 14:30,12/25/2012 7:25,0.7,"4.2m, 4th jet-in test to verify sediment thickness",
345,U1415,E,02 15.1461 N,101 32.7424 W,4839.62,15.3,15.3,0.84,5,NULL,0,2,0,0,0,2,0,12/25/2012 7:25,12/26/2012 9:15,1.08,"RCB Pilot hole,2.0m w/o rot., BHA failed/part left in hole while cutting core 3R",
345,U1415,F,02 15.1394 N,101 32.6261 W,4845.82,1.5,NULL,NULL,0,1.5,1,0,0,0,0,0,0,12/26/2012 9:15,12/27/2012 4:15,0.79,"1.5m, 5th jet-in test to verify sediment thickness",
345,U1415,G,02 15.1390 N,101 32.6263 W,4845.81,12.9,12.9,0.29,2,NULL,0,1,0,0,0,1,0,12/27/2012 4:15,12/27/2012 11:45,0.31,"RCB Pilot hole, 1.5m w/o rot.",
345,U1415,H,02 15.1317 N,101 32.6370 W,4846.42,12.9,12.9,0.44,3,NULL,0,1,0,0,0,1,0,12/27/2012 11:45,12/28/2012 11:15,0.98,"RCB Pilot hole, 1.0m w/o rot..",
345,U1415,I,02 15.1547 N,101 32.6622 W,4841.8,35.2,35.2,7.12,20,NULL,0,4,0,0,0,4,1,12/28/2012 11:15,12/31/2012 9:30,2.93,RCB Pilot hole,
345,U1415,J,02 15.1604 N,101 32.6622 W,4838.79,111.8,91.8,14.35,16,20,2,15,0,0,0,15,9,12/31/2012 9:30,1/16/2013 8:30,15.96,Abandon due to stuck pipe and bad hole conditions,
345,U1415,K,02 15.3307 N,101 32.8527 W,4687.11,35.3,NULL,NULL,0,35.3,1,0,0,0,0,0,1,1/16/2013 8:30,1/19/2013 22:10,3.57,Could not re-enter.,
345,U1415,L,02 15.3300 N,101 32.8041 W,4674.7,4,NULL,NULL,0,4,1,0,0,0,0,0,0,1/19/2013 22:10,1/20/2013 16:00,0.74,Jet-In Test Only,
345,U1415,M,02 15.3304 N,101 32.8040 W,4674.7,25.9,NULL,NULL,0,25.9,1,0,0,0,0,0,1,1/20/2013 16:00,1/23/2013 7:00,2.63,RCB coring,
345,U1415,N,02 15.3304 N,101 32.8121 W,4675.21,37,37,1.56,4,NULL,0,4,0,0,0,4,1,1/23/2013 7:00,1/25/2013 8:45,2.07,,
345,U1415,O,02 15.1516 N,101 32.5848 W,4849.67,17,NULL,NULL,0,17,1,0,0,0,0,0,0,1/25/2013 8:45,1/26/2013 14:10,1.23,Could not return to bottom after wiper trip.,
345,U1415,P,02 15.1486 N,101 32.6102 W,4852.67,107.9,95.4,30.57,32,12.5,1,18,0,0,0,18,6,1/26/2013 14:10,2/6/2013 3:48,10.57,,
346,U1422,A,43 45.9903 N,138 49.9894 E,NULL,9.5,9.5,9.96,105,NULL,0,1,1,0,0,0,0,8/17/2013 5:48,8/17/2013 18:45,0.54,Full core-no mudline; bit @ 3446.4,
346,U1422,B,43 45.9981 N,138 49.9910 E,NULL,9.5,9.5,9.67,102,NULL,0,1,1,0,0,0,0,8/17/2013 18:45,8/17/2013 20:20,0.07,Full core-no mudline; bit @ 3441.4,
346,U1422,C,43 45.9816 N,138 49.9897 E,3428.96,205.2,205.2,215.78,105,NULL,0,31,31,0,0,0,0,8/17/2013 20:20,8/19/2013 10:50,1.6,Established mudline with bit @ 3435.4,
346,U1422,D,43 45.9899 N,138 49.9785 E,3428.46,141.8,141.8,152.83,108,NULL,0,16,16,0,0,0,0,8/19/2013 10:50,8/20/2013 3:35,0.7,Established mudline with bit @ 3438.4,
346,U1422,E,43 45.9896 N,138 50.0003 E,3428.66,111.6,111.6,114.34,102,NULL,0,14,14,0,0,0,0,8/20/2013 3:35,8/21/2013 0:00,0.85,Established mudline with bit @ 3440.0,
346,U1423,A,41 41.9494 N,139 04.9805 E,1785.25,206.6,206.6,212.89,103,NULL,0,22,22,0,0,0,0,8/21/2013 14:42,8/22/2013 14:55,1.01,Bit @ 1794.4 mbrf,
346,U1423,B,41 41.9575 N,139 04.9800 E,1785.44,249.1,249.1,250,100,NULL,0,28,28,0,0,0,0,8/22/2013 14:55,8/23/2013 20:15,1.22,Bit @ 1791.4 mbrf,
346,U1423,C,41 41.9511 N,139 04.9804 E,1785.22,180.5,57,59.07,104,123.5,3,6,6,0,0,0,0,8/23/2013 20:15,8/24/2013 12:36,0.68,Used sea floor depth from A hole,
346,U1424,A,40 11.4001 N,138 13.9003 E,2807.32,158.8,158.8,160.99,101,NULL,0,17,17,0,0,0,0,8/24/2013 12:36,8/25/2013 21:45,1.38,Bit @ 2816.0 mbrf,
346,U1424,B,40 11.4076 N,138 13.8997 E,2808.4,154.7,154.7,155.34,100,NULL,0,17,17,0,0,0,0,8/25/2013 21:45,8/26/2013 11:35,0.58,Bit @ 2813.0 mbrf,
346,U1424,C,40 11.3914 N,138 13.8998 E,2807.19,63.9,63.9,64.35,101,NULL,0,7,7,0,0,0,0,8/26/2013 11:35,8/26/2013 23:54,0.51,Bit @ 2816.0 mbrf,
346,U1425,A,39 29.4396 N,134 26.5505 E,1912.99,9.5,9.5,9.81,103,NULL,0,1,1,0,0,0,0,8/27/2013 17:30,8/28/2013 0:30,0.29,Full core recovered with bit at 1911.4 mbrf,
346,U1425,B,39 29.4476 N,134 26.5502 E,1907.69,407.2,407.2,397.25,98,NULL,0,61,51,0,10,0,0,8/28/2013 0:30,8/30/2013 17:00,2.69,Offset ship 15m N and Place bit @ 1918.4 mbrf,
346,U1425,C,39 29.4311 N,134 26.5501 E,1907.48,25,25,23.21,93,NULL,0,3,3,0,0,0,0,8/30/2013 17:00,8/30/2013 20:40,0.15,Offset ship 15m N and Place bit @ 1915.4 mbrf,
346,U1425,D,39 29.4392 N,134 26.5395 E,1908.18,431,427,417.49,98,4,2,70,66,0,4,0,0,8/30/2013 20:40,9/2/2013 8:12,2.48,Offset ship 15m N and Place bit @ 1915.4 mbrf,
346,U1425,E,39 29.4392 N,134 26.5607 E,1908.6,113.1,113.1,107.75,95,NULL,0,13,13,0,0,0,0,9/24/2013 5:30,9/25/2013 1:12,0.82,Offset ship 15m N and Place bit @ 1916.4 mbrf,
346,U1426,A,37 01.9996 N,134 47.9999 E,902.98,396.7,396.7,418.78,106,NULL,0,59,58,0,1,0,0,9/2/2013 21:36,9/4/2013 14:30,1.7,Spud with bit at 907.4 mbrf.,
346,U1426,B,37 02.0088 N,134 48.0005 E,902.24,34.7,34.7,35.82,103,NULL,0,4,4,0,0,0,0,9/4/2013 14:30,9/4/2013 17:30,0.13,Spud with bit at 910.4 mbrf.,
346,U1426,C,37 01.9912 N,134 47.9997 E,902.94,206,204,211.89,104,2,1,23,22,0,1,0,0,9/4/2013 17:30,9/5/2013 5:25,0.5,Spud with bit at 911.4 mbrf.,
346,U1426,D,37 01.9996 N,134 47.9907 E,902.64,99.4,99.4,103.71,104,NULL,0,11,11,0,0,0,0,9/5/2013 5:25,9/5/2013 14:42,0.39,Spud with bit at 909.4 mbrf.,
346,U1427,A,35 57.9200 N,134 26.0604 E,339.36,548.6,548.6,542.59,99,NULL,0,87,81,0,6,0,0,9/5/2013 20:42,9/9/2013 5:20,3.36,Spud with bit @ 329.4 mbrf,
346,U1427,B,35 57.9276 N,134 26.0600 E,325.58,405.6,400.6,422.41,105,5,4,61,61,0,0,0,0,9/9/2013 5:20,9/10/2013 17:30,1.51,Spud with bit @ 332.4 mbrf,
346,U1427,C,35 57.9109 N,134 26.0600 E,325.89,351.1,351.1,367.77,105,NULL,0,52,52,0,0,0,0,9/21/2013 23:30,9/23/2013 10:00,1.44,Spud with bit @ 336.0 mbrf,
346,U1428,A,31 40.6391 N,129 02.0003 E,723.86,211.5,173.9,178.86,103,37.6,6,26,26,0,0,0,0,9/11/2013 20:00,9/13/2013 1:24,1.23,Tag depth 735.3; APC calc 735.4 mbsf,
346,U1428,B,31 40.6483 N,129 02.0004 E,724.1,143.3,143.3,145.85,102,NULL,0,16,16,0,0,0,0,9/15/2013 4:30,9/15/2013 19:18,0.62,Tag depth 735.3; APC calc 728.8 mbsf,
346,U1429,A,31 37.0388 N,128 59.8509 E,732.14,188.3,184.2,190.29,103,4.1,2,21,21,0,0,0,0,9/13/2013 3:00,9/14/2013 0:00,0.88,Spud with bit at 740.6 mbrf,
346,U1429,B,31 37.0469 N,128 59.8512 E,731.64,186.2,186.2,200.92,108,NULL,0,22,22,0,0,0,0,9/14/2013 0:00,9/14/2013 13:10,0.55,Spud with bit at 736.6 mbrf,
346,U1429,C,31 37.0315 N,128 59.8503 E,732.44,179.2,174.3,180.7,104,4.9,2,22,22,0,0,0,0,9/14/2013 13:10,9/15/2013 3:42,0.61,Spud with bit at 738.6 mbrf,
346,U1430,A,37 54.1595 N,131 32.2499 E,1071.99,274.4,274.4,258.24,94,NULL,0,32,29,0,3,0,0,9/17/2013 15:18,9/18/2013 17:20,1.08,Spud with bit at 1077.7 mbrf,
346,U1430,B,37 54.1670 N,131 32.2501 E,1071.3,275,275,259.71,94,NULL,0,37,29,0,8,0,0,9/18/2013 17:20,9/20/2013 6:50,1.56,Offset 15m N; Spud with bit at 1081.7 mbrf,
346,U1430,C,37 54.1511 N,131 32.2497 E,1072.8,250,250,257.02,103,NULL,0,34,33,0,1,0,0,9/20/2013 6:50,9/21/2013 6:18,0.98,Offset 15m S; Spud with bit at 1079.7 mbrf,
349,U1431,A,15 22.5491 N,117 00.0009 E,4237.26,28.4,28.4,28.39,100,NULL,0,3,3,0,0,0,0,1/30/2014 22:40,1/31/2014 19:45,0.88,,
349,U1431,B,15 22.5480 N,117 00.0125 E,4236.66,17,17,17.16,101,NULL,0,2,2,0,0,0,0,1/31/2014 19:45,1/31/2014 22:20,0.11,,
349,U1431,C,15 22.5371 N,117 00.0108 E,4239.46,14.2,14.2,14.45,102,NULL,0,2,2,0,0,0,0,1/31/2014 22:20,2/1/2014 0:52,0.11,Split liner on mud line core,
349,U1431,D,15 22.5379 N,117 00.0022 E,4240.46,617,617,402.11,65,NULL,0,67,19,0,48,0,0,2/1/2014 0:52,2/6/2014 6:15,5.22,,
349,U1431,E,15 22.5380 N,116 59.9903 E,4240.34,1008.8,443.5,242.35,55,565.3,2,47,0,0,0,47,1,2/6/2014 6:15,2/15/2014 22:00,9.66,,
349,U1432,A,18 21.1051 N,116 23.4504 E,3829,62,NULL,NULL,0,62,1,0,0,0,0,0,0,2/16/2014 15:30,2/17/2014 18:05,1.11,Jet-in test,
349,U1432,B,18 21.1062 N,116 23.4512 E,3828.98,800,NULL,NULL,0,800,4,0,0,0,0,0,0,2/17/2014 18:05,3/6/2014 12:36,16.77,Jet-in 20in casing,
349,U1432,C,18 21.0831 N,116 23.4504 E,3829.04,110,110,88.74,81,NULL,0,12,12,0,0,0,0,2/21/2014 8:20,2/22/2014 23:35,1.64,APC/XCB coring,
349,U1433,A,12 55.1380 N,115 02.8345 E,4379.35,188.3,188.3,168.79,90,NULL,0,20,20,0,0,0,0,3/7/2014 18:30,3/10/2014 7:25,2.54,,
349,U1433,B,12 55.1313 N,115 02.8484 E,4379.33,858.5,672.4,443.04,66,186.1,1,74,0,0,0,74,0,3/10/2014 19:25,3/19/2014 15:00,8.82,,
349,U1434,A,13 11.5080 N,114 55.4005 E,4009,312.5,115.5,26.43,23,197,1,14,0,0,0,14,0,3/19/2014 16:48,3/22/2014 15:48,2.96,,
349,U1435,A,18 33.3466 N,116 36.6174 E,3252.46,300,300,171.37,57,NULL,0,32,0,0,0,32,0,3/24/2014 7:24,3/27/2014 11:00,3.15,,
350,U1436,A,32 23.8834 N,140 21.9284 E,1775,150,150,71.64,48,NULL,0,21,9,3,9,0,0,4/8/2014 3:30,4/10/2014 3:45,2.01,,
350,U1436,B,32 23.8960 N,140 21.9293 E,1773.91,61.8,61.8,61.79,100,NULL,0,14,14,0,0,0,0,5/25/2014 7:18,5/26/2014 5:25,0.92,New Bit,
350,U1436,C,32 23.8734 N,140 21.9298 E,1774.51,70.4,70.4,70.38,100,NULL,0,18,7,11,0,0,0,5/26/2014 5:25,5/27/2014 3:55,0.94,,
350,U1436,D,32 23.8849 N,140 21.9419 E,1774.51,62,22,22.07,100,40,1,8,0,8,0,0,0,5/27/2014 3:55,5/28/2014 0:00,0.84,,
350,U1437,A,31 47.3900 N,139 01.5800 E,2115.78,25,NULL,NULL,0,25,1,0,0,0,0,0,0,4/10/2014 12:06,4/11/2014 1:35,0.56,Jet in test to 25 mbsf,
350,U1437,B,31 47.3911 N,139 01.5788 E,2116.08,439.1,439.1,242.63,55,NULL,0,55,10,14,31,0,0,4/11/2014 1:35,4/13/2014 21:45,2.84,TD 439.1 mbsf,
350,U1437,C,31 47.3814 N,139 01.5794 E,2115.99,309.7,NULL,NULL,0,309.7,1,0,0,0,0,0,0,4/13/2014 21:45,4/15/2014 4:05,1.26,Left in hole,
350,U1437,D,31 47.3872 N,139 01.5730 E,2115.99,1104.6,677.4,503.85,74,427.2,1,72,0,0,0,72,0,4/15/2014 4:05,4/26/2014 11:40,11.32,,
350,U1437,E,31 47.3879 N,139 01.5914 E,2115.85,1806.5,702.5,387.45,55,1104,3,76,0,0,0,76,0,4/26/2014 11:40,5/24/2014 23:00,28.47,,
351,U1438,A,27 23.0108 N,134 19.1020 E,4700.18,26.5,26.5,24.9,94,NULL,0,3,3,0,0,0,0,6/7/2014 5:45,6/8/2014 5:00,0.97,Observed tag depth = APC calculated,
351,U1438,B,27 23.0111 N,134 19.1087 E,4700.48,257.3,257.3,227.04,88,NULL,0,30,19,3,8,0,0,6/8/2014 5:00,6/9/2014 20:25,1.64,Offset 10m east of Hole A,
351,U1438,C,27 22.9963 N,134 19.0883 E,4700.18,65,NULL,NULL,0,65,1,0,0,0,0,0,0,6/9/2014 20:25,6/10/2014 15:00,0.77,Offset 10m west of Hole A for jet-in test,
351,U1438,D,27 23.0218 N,134 19.1023 E,4700.16,897.8,678.8,523.17,77,219,1,71,0,0,0,71,0,6/10/2014 15:00,6/20/2014 2:30,9.48,Offset 20m north of Hole A for RCB pilot,
351,U1438,E,27 23.0153 N,134 19.0898 E,4700.05,1611,743.7,450.73,61,867.3,3,85,0,0,0,85,0,6/20/2014 2:30,7/22/2014 14:15,32.49,Offset 10m south of Hole A for reentry installation,
351,U1438,F,27 23.0167 N,134 19.0905 E,4699.94,700,NULL,NULL,0,700,1,0,0,0,0,0,0,7/22/2014 14:15,7/27/2014 16:15,5.08,Offset 10m north & 20m west of Hole A,
352,U1439,A,28 24.4487 N,142 36.5120 E,3128.12,199.4,199.4,170.66,86,NULL,0,23,10,0,13,0,0,8/5/2014 18:24,8/8/2014 6:20,2.5,,
352,U1439,B,28 24.4478 N,142 36.5244 E,3128.15,42.2,NULL,NULL,0,42.2,1,0,0,0,0,0,0,8/8/2014 6:20,8/8/2014 11:35,0.22,Jet-In Test,
352,U1439,C,28 24.4491 N,142 36.5368 E,3129.22,544.3,362.3,107.84,30,182,1,42,0,0,0,42,3,8/26/2014 3:10,9/11/2014 2:05,15.95,,
352,U1440,A,28 26.9890 N,142 45.2243 E,4775.17,106.1,106.1,96.58,91,NULL,0,14,12,0,2,0,0,8/8/2014 21:30,8/10/2014 22:35,2.05,,
352,U1440,B,28 26.9976 N,142 45.2244 E,4775.15,383.6,281.3,34.71,12,102.3,1,36,0,0,0,36,1,8/10/2014 22:35,8/26/2014 3:10,15.19,,
352,U1441,A,28 25.6379 N,142 43.5390 E,4446.88,205.7,205.7,50.74,25,NULL,0,22,0,0,0,22,0,9/11/2014 2:05,9/14/2014 5:50,3.16,,
352,U1442,A,28 24.5784 N,142 37.3368 E,3162.03,529.8,529.8,100.68,19,NULL,0,57,0,0,0,57,0,9/14/2014 5:50,9/24/2014 1:30,9.82,,
353,U1443,A,05 23.0098 N,090 21.7100 E,2929.45,344,344,326.8,95,NULL,0,48,15,14,19,0,0,12/7/2014 13:00,12/10/2014 18:25,3.23,First core barrel broken attempting to spud,
353,U1443,B,05 23.0180 N,090 21.7091 E,2924.81,326.4,326.4,308.51,95,NULL,0,40,18,10,12,0,0,12/10/2014 18:25,12/12/2014 15:10,1.86,,
353,U1443,C,05 23.0078 N,090 21.6984 E,2924.7,209.4,207.9,182.87,88,1.5,2,28,20,8,0,0,0,12/12/2014 15:10,12/14/2014 5:15,1.59,3 core barrels broken attempting to spud hole,
353,U1443,D,05 22.9991 N,090 21.6992 E,2924.58,8.2,8.2,7.48,91,NULL,0,2,0,2,0,0,0,12/14/2014 5:15,12/14/2014 15:00,0.41,,
353,U1444,A,14 00.0057 N,084 49.7405 E,3132.7,330.6,330.6,226.05,68,NULL,0,37,13,1,23,0,0,12/23/2014 23:15,12/26/2014 22:00,2.95,,
353,U1444,B,13 59.9940 N,084 49.7412 E,3131.76,128.6,81.1,74.16,91,47.5,1,9,5,0,4,0,0,12/26/2014 22:00,12/27/2014 20:45,0.95,,
353,U1445,A,17 44.7210 N,084 47.2504 E,2502.26,672.6,672.6,666.4,99,NULL,0,77,24,0,53,0,0,12/31/2014 11:42,1/6/2015 23:11,6.48,,
353,U1445,B,17 44.7098 N,084 47.2498 E,2503.58,33,33,33.36,101,NULL,0,4,4,0,0,0,0,1/6/2015 23:11,1/7/2015 5:20,0.26,,
353,U1445,C,17 44.7095 N,084 47.2387 E,2502.58,305.2,305.2,305.6,100,NULL,0,36,24,0,12,0,0,1/7/2015 5:20,1/9/2015 21:48,2.69,,
353,U1446,A,19 05.0090 N,085 44.0894 E,1430.21,180,180,186.63,104,NULL,0,21,18,3,0,0,0,1/10/2015 8:14,1/11/2015 13:05,1.2,,
353,U1446,B,19 05.0085 N,085 44.0786 E,1429.34518,27.1,27.1,27.2,100,NULL,0,3,3,0,0,0,0,1/11/2015 13:05,1/11/2015 15:25,0.1,,
353,U1446,C,19 05.0215 N,085 44.0780 E,1430.04,182,182,180.55,99,NULL,0,23,16,7,0,0,0,1/11/2015 15:25,1/12/2015 16:00,1.02,,
353,U1447,A,10 47.4061 N,092 59.9999 E,1390.93,738,738,732.96,99,NULL,0,88,29,15,44,0,0,1/15/2015 6:30,1/20/2015 11:05,5.19,,
353,U1447,B,10 47.3945 N,093 00.0028 E,1391.75,24.4,24.4,24.26,99,NULL,0,3,3,0,0,0,0,1/20/2015 11:05,1/20/2015 14:20,0.14,,
353,U1447,C,10 47.3952 N,093 00.0114 E,1392.2526,160.9,158.9,158.32,100,2,1,17,17,0,0,0,0,1/20/2015 14:20,1/21/2015 9:35,0.8,,
353,U1448,A,10 38.0315 N,093 00.0036 E,1098.3465,421,421,434.82,103,NULL,0,60,23,29,8,0,0,1/21/2015 10:45,1/23/2015 10:30,1.99,,
353,U1448,B,10 38.0202 N,093 00.0032 E,1096.51,358.6,357.1,369.38,103,1.5,1,57,19,38,0,0,0,1/23/2015 10:30,1/24/2015 22:30,1.5,,
353,U1448,C,10 38.0830 N,093 00.0233 E,1096.79,34.3,34.3,34.77,101,NULL,0,4,4,0,0,0,0,1/24/2015 22:30,1/25/2015 7:20,0.37,,
354,U1449,A,08 00.4194 N,088 06.5994 E,3652.66,213.5,212.5,129.38,61,1,1,37,11,17,9,0,0,2/7/2015 0:23,2/9/2015 22:25,2.92,,
354,U1449,B,08 00.4206 N,088 06.6091 E,3651.93,7.9,7.9,7.91,100,NULL,0,1,1,0,0,0,0,2/9/2015 22:25,2/10/2015 9:30,0.46,,
354,U1450,A,08 00.4201 N,087 40.2478 E,3655.32,687.4,444.7,282.73,64,242.7,51,86,5,71,10,0,0,2/10/2015 12:30,2/16/2015 22:18,6.41,,
354,U1450,B,08 00.4192 N,087 40.2586 E,3655.35,811.9,203.9,46.67,23,608,1,21,0,0,0,21,0,3/7/2015 8:15,3/11/2015 8:30,4.01,,
354,U1451,A,08 00.4195 N,088 44.5012 E,3607.28,582.1,394.9,337.8,86,187.2,39,72,18,53,1,0,0,2/17/2015 4:40,2/22/2015 0:00,4.81,,
354,U1451,B,08 00.4203 N,088 44.4745 E,3607.21,1181.3,627.6,180.86,29,553.7,4,70,0,0,11,59,0,2/22/2015 0:00,3/7/2015 2:00,13.08,Bit and BHA for RCB coring assembly,
354,U1452,A,08 00.4196 N,087 10.9001 E,3670.5,8,8,8.03,100,NULL,0,1,1,0,0,0,0,3/11/2015 1:00,3/12/2015 0:15,0.97,,
354,U1452,B,08 00.4191 N,087 10.9128 E,3670.3,217.7,174.5,138.21,79,43.2,9,34,5,29,0,0,0,3/12/2015 0:15,3/13/2015 18:30,1.76,,
354,U1452,C,08 00.4088 N,087 10.9116 E,3671.48,41.3,41.3,33.3,81,NULL,0,6,5,0,1,0,0,3/13/2015 18:30,3/14/2015 13:00,0.77,,
354,U1453,A,08 00.4193 N,086 47.4973 E,3679.48,215.7,186.7,164.78,88,29,6,37,5,32,0,0,0,3/14/2015 15:45,3/18/2015 5:30,3.57,,
354,U1454,A,08 00.4067 N,085 50.9882 E,3709.92,7.5,7.5,7.54,101,NULL,0,1,1,0,0,0,0,3/18/2015 11:06,3/18/2015 20:00,0.37,,
354,U1454,B,08 00.4083 N,085 51.0025 E,3710.32,161.8,147.4,129.51,88,14.4,3,29,4,25,0,0,0,3/18/2015 20:00,3/20/2015 9:30,1.56,,
354,U1454,C,08 00.3968 N,085 51.0033 E,3710.33,37.2,37.2,29.89,80,NULL,0,6,3,3,0,0,0,3/20/2015 9:30,3/20/2015 17:30,0.33,,
354,U1454,D,08 00.3975 N,085 50.9927 E,3710.72,37.1,37.1,24.46,66,NULL,0,5,3,2,0,0,0,3/20/2015 17:30,3/21/2015 5:36,0.5,,
354,U1455,A,08 00.4186 N,086 16.9983 E,3732.5,0.9,0.9,0.9,100,NULL,0,1,1,0,0,0,0,3/21/2015 10:40,3/21/2015 19:30,0.37,,
354,U1455,B,08 00.4198 N,086 17.0096 E,3733,6.9,6.9,6.88,100,NULL,0,1,1,0,0,0,0,3/21/2015 19:30,3/21/2015 21:00,0.06,,
354,U1455,C,08 00.4081 N,086 17.0090 E,3732.5,949,350.7,198.02,56,598.3,6,54,3,33,0,18,0,3/21/2015 21:00,3/29/2015 0:36,7.15,,
355,U1456,A,16 37.2855 N,068 50.3272 E,3639.23,426.6,426.6,365.25,86,NULL,0,74,16,54,4,0,0,4/9/2015 5:25,4/13/2015 12:35,4.3,Offset hole 15m west of site coordinates,
355,U1456,B,16 37.2851 N,068 50.3454 E,3645.04,29.1,29.1,28.79,99,NULL,0,4,4,0,0,0,0,4/13/2015 12:35,4/13/2015 18:25,0.24,Offset hole 15m east of site coordinates; inaccurate sea floor due to soupy core lost from barrel,
355,U1456,C,16 37.2940 N,068 50.3366 E,3638.44,465.2,275.3,215,78,189.9,4,42,15,18,9,0,0,4/13/2015 18:25,4/18/2015 20:50,5.1,Offset hole 15m north of site coordinates,
355,U1456,D,16 37.2766 N,068 50.3365 E,3637.1,1024.4,565.6,319.18,56,458.8,1,60,0,0,0,60,0,4/18/2015 20:50,5/3/2015 16:30,14.82,"Offset hole 15m south of site coordinates, observed tag of sea floor",
355,U1456,E,16 37.2857 N,068 50.3541 E,3636.93,1109.4,139.4,82.45,59,970,2,17,0,0,0,17,0,5/3/2015 16:30,5/16/2015 2:30,12.42,Offset hole 30m east of site coordinates,
355,U1457,A,17 09.9487 N,067 55.8037 E,3523.11,144.8,130.4,122.76,94,14.4,3,16,12,4,0,0,0,5/16/2015 8:00,5/17/2015 14:45,1.28,APC/HLAPC,
355,U1457,B,17 09.9485 N,067 55.7955 E,3523.52,204.7,159.4,151.19,95,45.3,10,23,12,11,0,0,0,5/17/2015 14:45,5/19/2015 2:40,1.5,APC/HLAPC,
355,U1457,C,17 09.9486 N,067 55.8121 E,3522.71,1108.6,917,436.96,48,191.6,1,97,0,0,0,97,0,5/19/2015 2:40,NULL,NULL,RCB,
356,U1458,A,28 39.8475 S,113 34.6676 E,156.77,10,10,3.72,37,NULL,0,4,2,1,1,0,0,8/4/2015 6:08,8/5/2015 6:25,1.01,,
356,U1459,A,28 40.2606 S,113 33.5376 E,192.27,70.3,70.3,30.59,44,NULL,0,14,0,9,5,0,0,8/5/2015 7:40,8/6/2015 13:35,1.25,,
356,U1459,B,28 40.2519 S,113 33.5375 E,192.32,233,219.5,171.89,78,13.5,1,49,0,42,7,0,0,8/6/2015 13:35,8/8/2015 8:40,1.8,,
356,U1459,C,28 40.2398 S,113 33.5365 E,192.35,400,194.2,22.6,12,205.8,1,41,0,0,0,41,0,8/8/2015 8:40,8/12/2015 4:54,3.84,,
356,U1460,A,27 22.4949 S,112 55.4296 E,214.5,300.1,300.1,291.39,97,NULL,0,65,0,65,0,0,0,8/12/2015 12:50,8/13/2015 22:05,1.39,,
356,U1460,B,27 22.4867 S,112 55.4265 E,214.36,306.6,306.6,300.81,98,NULL,0,68,0,68,0,0,0,8/13/2015 22:05,8/15/2015 11:45,1.57,,
356,U1461,A,20 12.8634 S,115 03.9495 E,127.18,284.7,284.7,287.59,101,NULL,0,42,22,19,1,0,0,8/17/2015 6:07,8/18/2015 6:30,1.02,,
356,U1461,B,20 12.8522 S,115 03.9396 E,127.97,879.2,879.2,743.24,85,NULL,0,129,24,33,72,0,0,8/18/2015 6:30,8/23/2015 8:40,5.09,,
356,U1461,C,20 12.8427 S,115 03.9369 E,127.52,443.9,440.9,448.53,102,3,1,72,23,49,0,0,0,8/23/2015 8:40,8/24/2015 21:10,1.52,,
356,U1461,D,20 12.8325 S,115 03.9389 E,127.48,1095.3,559.4,325.51,58,535.9,3,58,0,0,0,58,0,8/24/2015 21:10,8/29/2015 12:48,4.65,,
356,U1462,A,19 49.2857 S,115 42.5984 E,87.15,855,855,320.54,37,NULL,0,100,0,1,99,0,0,8/29/2015 18:45,9/4/2015 5:10,5.43,,
356,U1462,B,19 49.2801 S,115 42.6091 E,87.19,52.3,52.3,1.99,4,NULL,0,9,0,0,9,0,0,9/4/2015 5:10,9/4/2015 14:55,0.41,,
356,U1462,C,19 49.2764 S,115 42.6186 E,87.19,950,917,398.29,43,33,1,177,0,0,0,177,0,9/4/2015 14:55,9/12/2015 16:00,8.05,,
356,U1463,A,18 57.9181 S,117 37.4217 E,145.81,19.4,19.4,8.59,44,NULL,0,2,0,0,2,0,0,9/12/2015 7:35,9/12/2015 12:30,0.2,,
356,U1463,B,18 57.9190 S,117 37.4340 E,145.41,530,530,399,75,NULL,0,60,30,3,27,0,0,9/12/2015 12:30,9/15/2015 14:30,3.08,,
356,U1463,C,18 57.9295 S,117 37.4336 E,144.81,392.2,392.2,397.34,101,NULL,0,61,31,30,0,0,0,9/15/2015 14:30,9/17/2015 8:40,1.76,,
356,U1463,D,18 57.9285 S,117 37.4216 E,144.5,352.8,352.8,346.61,98,NULL,0,47,32,15,0,0,0,9/17/2015 8:40,9/18/2015 12:24,1.16,,
356,U1464,A,18 03.9125 S,118 37.8824 E,259.96,19.4,19.4,NULL,0,NULL,0,2,0,0,2,0,0,9/18/2015 19:48,9/19/2015 0:45,0.21,,
356,U1464,B,18 03.9115 S,118 37.8935 E,264.26,316.9,316.9,292.27,92,NULL,0,35,34,1,0,0,0,9/19/2015 0:45,9/19/2015 22:15,0.9,,
356,U1464,C,18 03.9244 S,118 37.8942 E,264.24,840,532,94.03,18,308,1,55,0,0,0,55,0,9/19/2015 22:15,9/24/2015 0:30,4.09,,
356,U1464,D,18 03.9230 S,118 37.8836 E,264.43,529.6,529.6,300.74,57,NULL,0,58,32,0,26,0,0,9/24/2015 0:30,9/26/2015 13:00,2.52,,
359,U1465,A,04 55.9873 N,073 00.6786 E,515.01,76.6,76.6,53.37,70,NULL,0,11,9,1,1,0,0,10/18/2015 23:18,10/19/2015 21:15,0.91,2 water cores,
359,U1465,B,04 55.9862 N,073 00.6897 E,512.64,221.3,155.4,9.41,6,65.9,1,22,0,0,0,22,0,10/26/2015 12:20,10/27/2015 8:50,0.85,offset ship 20m east of Hole U1465A,
359,U1465,C,04 55.9865 N,073 00.7002 E,510.12,233.2,178.2,24.6,14,55,1,25,0,7,18,0,0,10/27/2015 8:50,10/28/2015 18:18,1.39,offset ship 20m east of Hole U1465B,
359,U1466,A,04 55.9888 N,073 01.6785 E,518.09,326.2,326.2,243.79,75,NULL,0,50,20,20,10,0,0,10/19/2015 21:15,10/22/2015 5:00,2.32,,
359,U1466,B,04 55.9883 N,073 01.6893 E,517.14,809.7,495.7,88.54,18,314,1,56,0,0,0,56,0,10/22/2015 5:00,10/26/2015 12:20,4.31,,
359,U1467,A,04 51.0139 N,073 17.0200 E,487.49,32,32,31.49,98,NULL,0,4,4,0,0,0,0,10/28/2015 15:18,10/29/2015 4:00,0.53,,
359,U1467,B,04 51.0255 N,073 17.0204 E,487.49,617.2,617.2,560.39,91,NULL,0,77,40,21,16,0,0,10/29/2015 4:00,11/1/2015 6:05,3.09,Offset 20m North of Hole A,
359,U1467,C,04 51.0362 N,073 17.0197 E,487.28,714,332.1,266.15,80,381.9,2,35,21,0,14,0,0,11/1/2015 6:05,11/3/2015 19:10,2.55,Offset 20m North of Hole B,
359,U1467,D,04 51.0475 N,073 17.0201 E,487.23,201,199.5,203.29,102,1.5,1,21,21,0,0,0,0,11/3/2015 19:10,11/4/2015 8:25,0.55,Offset 20m North of Hole C,
359,U1467,E,04 51.0137 N,073 17.0312 E,487.42,714,NULL,NULL,0,714,1,0,0,0,0,0,0,11/4/2015 8:25,11/6/2015 19:24,2.46,Offset 20m East of Hole A,
359,U1468,A,04 55.9832 N,073 04.2780 E,521.5,874.7,873.7,458.7,53,1,1,110,14,31,65,0,0,11/6/2015 21:06,11/10/2015 19:00,3.91,,
359,U1468,B,04 55.9823 N,073 04.2888 E,521.45,874.7,NULL,NULL,0,874.7,1,0,0,0,0,0,0,11/10/2015 19:00,11/13/2015 6:25,2.48,,
359,U1469,A,04 54.4143 N,073 00.4910 E,426.93,161.1,161.1,4.14,3,NULL,0,17,0,0,0,17,0,11/13/2015 6:25,11/14/2015 3:10,0.86,,
359,U1469,B,04 54.4166 N,073 00.4694 E,426.91,151.4,29.4,0.72,2,122,1,3,0,0,0,3,0,11/14/2015 3:10,11/14/2015 15:48,0.53,,
359,U1470,A,04 45.9828 N,072 59.0324 E,399.7,190,190,139.78,74,NULL,0,24,17,2,5,0,0,11/14/2015 22:30,11/15/2015 15:55,0.73,,
359,U1470,B,04 45.9818 N,072 59.0210 E,399.72,343.7,174.8,7.35,4,168.9,1,18,0,0,0,18,0,11/15/2015 15:55,11/17/2015 14:48,1.95,,
359,U1471,A,04 45.9825 N,073 08.1358 E,419.4,685.1,685.1,366.08,53,NULL,0,82,32,9,41,0,0,11/17/2015 10:48,11/20/2015 5:28,2.78,,
359,U1471,B,04 45.9825 N,073 08.1263 E,420.29,6.7,6.7,6.62,99,NULL,0,1,1,0,0,0,0,11/20/2015 5:28,11/20/2015 23:45,0.76,,
359,U1471,C,04 45.9831 N,073 08.1147 E,419.19,178.8,178.8,170.19,95,NULL,0,19,19,0,0,0,0,11/20/2015 23:45,11/21/2015 15:00,0.64,,
359,U1471,D,04 45.9828 N,073 08.1035 E,419.19,58,57,56.76,100,1,1,6,6,0,0,0,0,11/21/2015 15:00,11/22/2015 0:45,0.41,,
359,U1471,E,04 45.9829 N,073 08.0929 E,419.19,1003.7,407.4,171.54,42,596.3,1,43,0,0,0,43,0,11/22/2015 0:45,11/26/2015 16:20,4.65,,
359,U1472,A,04 46.2653 N,073 04.0111 E,379.34,251.9,251.9,233.75,93,NULL,0,34,23,11,0,0,0,11/26/2015 16:20,11/27/2015 21:12,1.2,,
360,U1473,A,32 42.3622 S,057 16.6880 E,710.23,789.7,742.7,469.15,63,47,2,88,0,0,0,86,3,12/16/2015 13:00,1/27/2016 4:30,41.65,First RCB Bit,
