Top Core Depth [],Top Drilling depth below sea floor [m DSF],"Top Depth DSF, MSF, WSF and CSF-B [m, CMP]",Top Core depth (below sea floor) [m CSF-A],Top Core depth (below sea floor) [m CSF-B],"Top Depth DSF, MSF, WSF and CSF-A [m]",Bottom Core Depth [],Bottom Drilling depth below sea floor [m DSF],"Bottom Depth DSF, MSF, WSF and CSF-B [m, CMP]",Bottom Core depth (below sea floor) [m CSF-A],Bottom Core depth (below sea floor) [m CSF-B],"Bottom Depth DSF, MSF, WSF and CSF-A [m]",Sample source,J-CORES sample ID,Sample code,Sample request,Sample volume (cm3),Sample entered by,Sample comment,Sample repository,Sample time-stamp,moisture and density::wet sample beaker ID::text,moisture and density::wet sample beaker type::text,moisture and density::wet sample beaker mass [g]::number,moisture and density::wet sample beaker volume [cm3]::number,moisture and density::wet sample beaker+sample mass [g]::number,moisture and density::wet sample beaker+sample volume: solids + pore water + beaker [cm3]::number,moisture and density::wet bulk mass [g]::number,moisture and density::dry sample beaker ID::text,moisture and density::dry sample beaker type::text,moisture and density::dry sample beaker mass [g]::number,moisture and density::dry sample beaker volume [cm3]::number,moisture and density::dry sample beaker+sample mass [g]::number,moisture and density::dry sample beaker+sample volume [cm3]::number,moisture and density::dry bulk mass [g]::number,moisture and density::pore water mass [g]::number,moisture and density::pore water volume [cm3]::number,moisture and density::solids volume: dry bulk - salt [cm3]::number,moisture and density::wet bulk volume: solids + pore water [cm3]::number,moisture and density::dry bulk volume [cm3]::number,moisture and density::salt mass [g]::number,moisture and density::salt volume [cm3]::number,moisture and density::solids mass [g]::number,moisture and density::water content wet::number,moisture and density::water content dry::number,moisture and density::bulk density [g/cm3]::number,moisture and density::dry density [g/cm3]::number,moisture and density::grain density [g/cm3]::number,moisture and density::porosity::number,moisture and density::void ratio::number,moisture and density::registerer,moisture and density::registration time-stamp
"C0012D-1H-1, 24.5 cm",NULL,0.242,0.245,0.242,0.245,"C0012D-1H-1, 25.5 cm",NULL,0.252,0.255,0.252,0.255,"C0012D-1H-1 WR, 24.5--25.5 cm",CKY000000000004613300,PP,NULL,5,mstrasser333,NULL,CKY,2010-12-28T04:44:50Z,154,glass beaker,6.047,2.683,13.7609,7.7772,7.7139,154,glass beaker,6.047,2.683,10.3278,4.3591,4.2808,3.5576,3.4742,1.62,5.0942,1.6761,0.1245,0.0561,4.1563,0.4612,0.856,1.5143,0.8159,2.5656,0.682,2.1446,fujiharaa,2011-01-04T00:06:05Z
"C0012D-1H-2, 19.0 cm",NULL,0.784,0.795,0.784,0.795,"C0012D-1H-2, 21.0 cm",NULL,0.804,0.815,0.804,0.815,"C0012D-1H-2 WR, 19.0--21.0 cm",CKY000000000004555800,PP,NULL,3,bora333,NULL,CKY,2010-12-27T06:20:46Z,141,glass beaker,6.02,2.675,9.028,4.692,3.008,141,glass beaker,6.02,2.675,7.6254,3.2955,1.6054,1.4535,1.4194,0.5976,2.017,0.6205,0.0509,0.0229,1.5545,0.4832,0.935,1.4913,0.7707,2.6012,0.7037,2.3752,fujiharaa,2011-01-04T00:06:05Z
"C0012D-2H-1, 114.0 cm",NULL,118.962,119.14,118.962,119.14,"C0012D-2H-1, 116.0 cm",NULL,118.979,119.16,118.979,119.16,"C0012D-2H-1 W, 114.0--116.0 cm",CKY000000000004815200,PP,NULL,5,coolks333,NULL,CKY,2011-01-01T00:38:56Z,163,glass beaker,6.088,2.732,13.8827,7.3799,7.7947,163,glass beaker,6.088,2.732,11.0427,4.5523,4.9547,2.943,2.874,1.7739,4.6479,1.8203,0.103,0.0464,4.8517,0.3776,0.6066,1.677,1.0438,2.735,0.6183,1.6202,fujiharaa,2011-01-04T00:06:06Z
"C0012D-2H-2, 21.0 cm",NULL,119.367,119.62,119.367,119.62,"C0012D-2H-2, 23.0 cm",NULL,119.384,119.64,119.384,119.64,"C0012D-2H-2 W, 21.0--23.0 cm",CKY000000000004815300,PP,NULL,5,coolks333,NULL,CKY,2011-01-01T00:38:56Z,623,glass beaker,6.083,2.721,11.7718,6.0671,5.6888,623,glass beaker,6.083,2.721,9.8037,4.1076,3.7207,2.0395,1.9917,1.3544,3.3461,1.3866,0.0714,0.0322,3.6493,0.3585,0.5589,1.7001,1.0906,2.6944,0.5952,1.4705,fujiharaa,2011-01-04T00:06:06Z
"C0012D-2H-3, 26.5 cm",NULL,119.73,120.05,119.73,120.05,"C0012D-2H-3, 28.5 cm",NULL,119.747,120.07,119.747,120.07,"C0012D-2H-3 WR, 26.5--28.5 cm",CKY000000000004572200,PP,NULL,3,bora333,NULL,CKY,2010-12-27T11:22:28Z,27,glass beaker,4.638,2.071,14.0705,7.6886,9.4325,27,glass beaker,4.638,2.071,10.697,4.3297,6.059,3.4959,3.414,2.2036,5.6176,2.2587,0.1224,0.0551,5.9366,0.3706,0.5889,1.6791,1.0568,2.694,0.6077,1.5493,fujiharaa,2011-01-04T00:06:05Z
"C0012D-2H-4, 45.0 cm",NULL,120.127,120.52,120.127,120.52,"C0012D-2H-4, 47.0 cm",NULL,120.144,120.54,120.144,120.54,"C0012D-2H-4 W, 45.0--47.0 cm",CKY000000000004815400,PP,NULL,5,coolks333,NULL,CKY,2011-01-01T00:38:56Z,125,glass beaker,6.084,2.735,12.3711,6.4189,6.2871,125,glass beaker,6.084,2.735,10.1838,4.2411,4.0998,2.2666,2.2135,1.4704,3.6839,1.5061,0.0793,0.0357,4.0205,0.3605,0.5638,1.7066,1.0914,2.7343,0.6009,1.5054,fujiharaa,2011-01-04T00:06:06Z
"C0012D-2H-5, 20.0 cm",NULL,120.587,121.065,120.587,121.065,"C0012D-2H-5, 22.0 cm",NULL,120.604,121.085,120.604,121.085,"C0012D-2H-5 W, 20.0--22.0 cm",CKY000000000004815500,PP,NULL,5,coolks333,NULL,CKY,2011-01-01T00:38:56Z,160,glass beaker,6.044,2.724,13.6,7.195,7.556,160,glass beaker,6.044,2.724,10.8546,4.4616,4.8106,2.845,2.7783,1.6927,4.471,1.7376,0.0996,0.0449,4.711,0.3765,0.6039,1.69,1.0537,2.7831,0.6214,1.6413,fujiharaa,2011-01-04T00:06:06Z
"C0012D-2H-5, 86.0 cm",NULL,121.144,121.725,121.144,121.725,"C0012D-2H-5, 88.0 cm",NULL,121.161,121.745,121.161,121.745,"C0012D-2H-5 W, 86.0--88.0 cm",CKY000000000004815600,PP,NULL,5,coolks333,NULL,CKY,2011-01-01T00:38:56Z,113,glass beaker,5.98,2.642,11.3263,5.914,5.3463,113,glass beaker,5.98,2.642,9.3325,3.9289,3.3525,2.0661,2.0177,1.2543,3.272,1.2869,0.0723,0.0326,3.2802,0.3865,0.6299,1.634,1.0025,2.6152,0.6167,1.6086,fujiharaa,2011-01-04T00:06:06Z
"C0012D-2H-6, 21.0 cm",NULL,121.554,122.21,121.554,122.21,"C0012D-2H-6, 23.0 cm",NULL,121.571,122.23,121.571,122.23,"C0012D-2H-6 W, 21.0--23.0 cm",CKY000000000004815700,PP,NULL,5,coolks333,NULL,CKY,2011-01-01T00:38:56Z,143,glass beaker,5.964,2.683,11.0511,5.793,5.0871,143,glass beaker,5.964,2.683,9.1211,3.8714,3.1571,2,1.9531,1.1569,3.11,1.1884,0.07,0.0315,3.0871,0.3932,0.6479,1.6357,0.9926,2.6684,0.628,1.6882,fujiharaa,2011-01-04T00:06:07Z
"C0012D-2H-6, 116.0 cm",NULL,122.356,123.16,122.356,123.16,"C0012D-2H-6, 118.0 cm",NULL,122.372,123.18,122.372,123.18,"C0012D-2H-6 W, 116.0--118.0 cm",CKY000000000004815800,PP,NULL,5,coolks333,NULL,CKY,2011-01-01T00:38:56Z,631,glass beaker,5.985,2.726,10.9471,5.7198,4.9621,631,glass beaker,5.985,2.726,9.0986,3.8794,3.1136,1.9155,1.8706,1.1232,2.9938,1.1534,0.067,0.0302,3.0466,0.386,0.6287,1.6575,1.0176,2.7124,0.6248,1.6654,fujiharaa,2011-01-04T00:06:07Z
"C0012D-2H-7, 22.0 cm",NULL,122.761,123.64,122.761,123.64,"C0012D-2H-7, 24.0 cm",NULL,122.778,123.66,122.778,123.66,"C0012D-2H-7 W, 22.0--24.0 cm",CKY000000000004815900,PP,NULL,5,coolks333,NULL,CKY,2011-01-01T00:38:56Z,640,glass beaker,6.102,2.764,10.9471,5.768,4.8451,640,glass beaker,6.102,2.764,9.0583,3.8875,2.9563,1.9573,1.9114,1.0926,3.004,1.1235,0.0685,0.0309,2.8878,0.404,0.6778,1.6129,0.9613,2.6431,0.6363,1.7494,fujiharaa,2011-01-04T00:06:07Z
"C0012D-2H-7, 121.0 cm",NULL,123.596,124.63,123.596,124.63,"C0012D-2H-7, 123.0 cm",NULL,123.613,124.65,123.613,124.65,"C0012D-2H-7 W, 121.0--123.0 cm",CKY000000000004816000,PP,NULL,5,coolks333,NULL,CKY,2011-01-01T00:38:56Z,36,glass beaker,4.521,2.046,10.8705,5.8058,6.3495,36,glass beaker,4.521,2.046,8.5785,3.5238,4.0575,2.3751,2.3194,1.4404,3.7598,1.4778,0.0831,0.0374,3.9744,0.3741,0.5976,1.6888,1.0571,2.7592,0.6169,1.6102,fujiharaa,2011-01-04T00:06:07Z
"C0012D-2H-8, 23.0 cm",NULL,123.993,125.1,123.993,125.1,"C0012D-2H-8, 25.0 cm",NULL,124.01,125.12,124.01,125.12,"C0012D-2H-8 W, 23.0--25.0 cm",CKY000000000004816100,PP,NULL,5,coolks333,NULL,CKY,2011-01-01T00:38:56Z,165,glass beaker,5.981,2.685,11.9996,6.3719,6.0186,165,glass beaker,5.981,2.685,9.6955,4.0779,3.7145,2.3877,2.3317,1.3552,3.6869,1.3929,0.0836,0.0377,3.6309,0.3967,0.6576,1.6324,0.9848,2.6792,0.6324,1.7206,fujiharaa,2011-01-04T00:06:07Z
"C0012D-2H-8, 104.0 cm",NULL,124.677,125.91,124.677,125.91,"C0012D-2H-8, 106.0 cm",NULL,124.694,125.93,124.694,125.93,"C0012D-2H-8 W, 104.0--106.0 cm",CKY000000000004816200,PP,NULL,5,coolks333,NULL,CKY,2011-01-01T00:38:56Z,644,glass beaker,6.162,2.766,13.4733,7.1615,7.3113,644,glass beaker,6.162,2.766,10.7683,4.4683,4.6063,2.8031,2.7374,1.6581,4.3955,1.7023,0.0981,0.0442,4.5082,0.3834,0.6218,1.6634,1.0256,2.7189,0.6228,1.6509,fujiharaa,2011-01-04T00:06:07Z
"C0012D-2H-9, 28.0 cm",NULL,125.259,126.6,125.259,126.6,"C0012D-2H-9, 30.0 cm",NULL,125.276,126.62,125.276,126.62,"C0012D-2H-9 W, 28.0--30.0 cm",CKY000000000004816300,PP,NULL,5,coolks333,NULL,CKY,2011-01-01T00:38:56Z,152,glass beaker,6.058,2.743,12.0333,6.3412,5.9753,152,glass beaker,6.058,2.743,9.7635,4.0813,3.7055,2.3521,2.297,1.3012,3.5982,1.3383,0.0823,0.0371,3.6232,0.3936,0.6492,1.6606,1.0069,2.7845,0.6384,1.7653,fujiharaa,2011-01-04T00:06:07Z
"C0012D-3H-1, 38.0 cm",NULL,126.862,126.88,126.862,126.88,"C0012D-3H-1, 40.0 cm",NULL,126.881,126.9,126.881,126.9,"C0012D-3H-1 W, 38.0--40.0 cm",CKY000000000004816400,PP,NULL,5,coolks333,NULL,CKY,2011-01-01T00:41:01Z,166,glass beaker,6.106,2.721,11.9659,6.2657,5.8599,166,glass beaker,6.106,2.721,9.7858,4.095,3.6798,2.2592,2.2063,1.3384,3.5447,1.374,0.0791,0.0356,3.6007,0.3855,0.6274,1.6531,1.0158,2.6903,0.6224,1.6485,fujiharaa,2011-01-04T00:06:07Z
"C0012D-3H-1, 129.0 cm",NULL,127.728,127.79,127.728,127.79,"C0012D-3H-1, 131.0 cm",NULL,127.747,127.81,127.747,127.81,"C0012D-3H-1 W, 129.0--131.0 cm",CKY000000000004816500,PP,NULL,5,coolks333,NULL,CKY,2011-01-01T00:41:01Z,121,glass beaker,6.07,2.7,12.088,6.2056,6.018,121,glass beaker,6.07,2.7,10.0849,4.2112,4.0149,2.0758,2.0271,1.4785,3.5056,1.5112,0.0727,0.0327,3.9422,0.3449,0.5266,1.7167,1.1245,2.6664,0.5782,1.3711,fujiharaa,2011-01-04T00:06:07Z
"C0012D-3H-2, 25.0 cm",NULL,128.089,128.17,128.089,128.17,"C0012D-3H-2, 27.0 cm",NULL,128.109,128.19,128.109,128.19,"C0012D-3H-2 W, 25.0--27.0 cm",CKY000000000004816600,PP,NULL,5,coolks333,NULL,CKY,2011-01-01T00:41:01Z,6,glass beaker,4.524,2.039,9.6093,5.0159,5.0853,6,glass beaker,4.524,2.039,7.8137,3.2281,3.2897,1.8607,1.8171,1.1598,2.9769,1.1891,0.0651,0.0293,3.2246,0.3659,0.577,1.7083,1.0832,2.7803,0.6104,1.5667,fujiharaa,2011-01-04T00:06:07Z
"C0012D-3H-2, 103.0 cm",NULL,128.832,128.95,128.832,128.95,"C0012D-3H-2, 105.0 cm",NULL,128.851,128.97,128.851,128.97,"C0012D-3H-2 W, 103.0--105.0 cm",CKY000000000004816700,PP,NULL,5,coolks333,NULL,CKY,2011-01-01T00:41:01Z,187,glass beaker,6.123,2.742,11.2669,5.8069,5.1439,187,glass beaker,6.123,2.742,9.4553,4.0032,3.3323,1.8773,1.8333,1.2316,3.0649,1.2612,0.0657,0.0296,3.2666,0.365,0.5747,1.6783,1.0658,2.6523,0.5982,1.4886,fujiharaa,2011-01-04T00:06:07Z
"C0012D-3H-2, 125.5 cm",NULL,129.046,129.175,129.046,129.175,"C0012D-3H-2, 126.5 cm",NULL,129.056,129.185,129.056,129.185,"C0012D-3H-2 WR, 125.5--126.5 cm",CKY000000000004616700,PP,NULL,5,mstrasser333,NULL,CKY,2010-12-28T05:22:57Z,6,glass beaker,4.524,2.039,12.1804,6.6307,7.6564,6,glass beaker,4.524,2.039,9.4236,3.8859,4.8996,2.8568,2.7898,1.8019,4.5917,1.8469,0.1,0.045,4.7996,0.3731,0.5952,1.6674,1.0453,2.6636,0.6076,1.5483,fujiharaa,2011-01-04T00:06:06Z
"C0012D-3H-3, 28.5 cm",NULL,129.47,129.62,129.47,129.62,"C0012D-3H-3, 30.5 cm",NULL,129.489,129.64,129.489,129.64,"C0012D-3H-3 WR, 28.5--30.5 cm",CKY000000000004579400,PP,NULL,3,mstrasser333,NULL,CKY,2010-12-27T14:22:45Z,636,glass beaker,6.107,2.76,12.2831,6.5149,6.1761,636,glass beaker,6.107,2.76,9.9033,4.1455,3.7963,2.4661,2.4083,1.3466,3.7549,1.3855,0.0863,0.0389,3.71,0.3993,0.6647,1.6448,0.988,2.7551,0.6414,1.7884,fujiharaa,2011-01-04T00:06:05Z
"C0012D-3H-4, 15.0 cm",NULL,129.631,129.79,129.631,129.79,"C0012D-3H-4, 17.0 cm",NULL,129.65,129.81,129.65,129.81,"C0012D-3H-4 W, 15.0--17.0 cm",CKY000000000004816800,PP,NULL,5,coolks333,NULL,CKY,2011-01-01T00:41:01Z,180,glass beaker,6.061,2.715,11.5258,6.0554,5.4648,180,glass beaker,6.061,2.715,9.4469,3.9856,3.3859,2.1543,2.1038,1.2366,3.3404,1.2706,0.0754,0.034,3.3105,0.3942,0.6507,1.636,0.991,2.6771,0.6298,1.7013,fujiharaa,2011-01-04T00:06:07Z
"C0012D-3H-4, 114.0 cm",NULL,130.574,130.78,130.574,130.78,"C0012D-3H-4, 116.0 cm",NULL,130.593,130.8,130.593,130.8,"C0012D-3H-4 W, 114.0--116.0 cm",CKY000000000004816900,PP,NULL,5,coolks333,NULL,CKY,2011-01-01T00:41:01Z,164,glass beaker,6.12,2.749,11.1818,5.7212,5.0618,164,glass beaker,6.12,2.749,9.286,3.8336,3.166,1.9646,1.9186,1.0536,2.9722,1.0846,0.0688,0.031,3.0972,0.3881,0.6343,1.703,1.0421,2.9396,0.6455,1.821,fujiharaa,2011-01-04T00:06:07Z
"C0012D-3H-5, 36.0 cm",NULL,131.192,131.43,131.192,131.43,"C0012D-3H-5, 38.0 cm",NULL,131.211,131.45,131.211,131.45,"C0012D-3H-5 W, 36.0--38.0 cm",CKY000000000004817000,PP,NULL,5,coolks333,NULL,CKY,2011-01-01T00:41:01Z,133,glass beaker,6.032,2.721,11.9763,6.2858,5.9443,133,glass beaker,6.032,2.721,9.8308,4.1496,3.7988,2.2233,2.1712,1.3936,3.5648,1.4286,0.0778,0.035,3.721,0.374,0.5975,1.6675,1.0438,2.6701,0.6091,1.558,fujiharaa,2011-01-04T00:06:07Z
"C0012D-3H-5, 119.0 cm",NULL,131.982,132.26,131.982,132.26,"C0012D-3H-5, 121.0 cm",NULL,132.001,132.28,132.001,132.28,"C0012D-3H-5 W, 119.0--121.0 cm",CKY000000000004817100,PP,NULL,5,coolks333,NULL,CKY,2011-01-01T00:41:01Z,21,glass beaker,4.555,2.054,9.5449,5.0932,4.9899,21,glass beaker,4.555,2.054,7.7292,3.2854,3.1742,1.8816,1.8375,1.2017,3.0392,1.2314,0.0659,0.0297,3.1083,0.3771,0.6053,1.6418,1.0227,2.5866,0.6046,1.5291,fujiharaa,2011-01-04T00:06:07Z
"C0012D-3H-6, 46.0 cm",NULL,132.634,132.945,132.634,132.945,"C0012D-3H-6, 48.0 cm",NULL,132.653,132.965,132.653,132.965,"C0012D-3H-6 W, 46.0--48.0 cm",CKY000000000004817200,PP,NULL,5,coolks333,NULL,CKY,2011-01-01T00:41:01Z,198,glass beaker,6.071,2.741,11.3184,5.9958,5.2474,198,glass beaker,6.071,2.741,9.307,3.9932,3.236,2.0844,2.0355,1.2193,3.2548,1.2522,0.073,0.0329,3.163,0.3972,0.659,1.6122,0.9718,2.5941,0.6254,1.6694,fujiharaa,2011-01-04T00:06:07Z
"C0012D-3H-6, 100.0 cm",NULL,133.148,133.485,133.148,133.485,"C0012D-3H-6, 101.0 cm",NULL,133.158,133.495,133.158,133.495,"C0012D-3H-6 WR, 100.0--101.0 cm",CKY000000000004618300,PP,NULL,5,mstrasser333,NULL,CKY,2010-12-28T05:26:56Z,627,glass beaker,6.129,2.768,13.1307,6.9198,7.0017,627,glass beaker,6.129,2.768,10.7197,4.5194,4.5907,2.4984,2.4398,1.712,4.1518,1.7514,0.0874,0.0394,4.5033,0.3568,0.5548,1.6864,1.0847,2.6304,0.5876,1.4251,fujiharaa,2011-01-04T00:06:06Z
"C0012D-4H-1, 33.0 cm",NULL,134.276,134.33,134.276,134.33,"C0012D-4H-1, 35.0 cm",NULL,134.292,134.35,134.292,134.35,"C0012D-4H-1 W, 33.0--35.0 cm",CKY000000000004817300,PP,NULL,5,coolks333,NULL,CKY,2011-01-01T00:42:53Z,188,glass beaker,6.023,2.676,11.382,6.0125,5.359,188,glass beaker,6.023,2.676,9.3706,4.0099,3.3476,2.0844,2.0355,1.301,3.3365,1.3339,0.073,0.0329,3.2746,0.389,0.6365,1.6062,0.9814,2.517,0.6101,1.5646,fujiharaa,2011-01-04T00:06:07Z
"C0012D-4H-1, 120.0 cm",NULL,135.002,135.2,135.002,135.2,"C0012D-4H-1, 122.0 cm",NULL,135.019,135.22,135.019,135.22,"C0012D-4H-1 W, 120.0--122.0 cm",CKY000000000004817400,PP,NULL,5,coolks333,NULL,CKY,2011-01-01T00:42:53Z,141,glass beaker,6.02,2.675,10.9996,5.7662,4.9796,141,glass beaker,6.02,2.675,9.157,3.9317,3.137,1.9094,1.8646,1.2266,3.0912,1.2567,0.0668,0.0301,3.0702,0.3834,0.6219,1.6109,0.9932,2.503,0.6032,1.5201,fujiharaa,2011-01-04T00:06:07Z
"C0012D-4H-2, 21.0 cm",NULL,135.353,135.62,135.353,135.62,"C0012D-4H-2, 23.0 cm",NULL,135.37,135.64,135.37,135.64,"C0012D-4H-2 W, 21.0--23.0 cm",CKY000000000004817500,PP,NULL,5,coolks333,NULL,CKY,2011-01-01T00:42:53Z,504,glass beaker,4.573,2.055,8.4478,4.6192,3.8748,504,glass beaker,4.573,2.055,6.8224,3.0009,2.2494,1.6844,1.6449,0.9193,2.5642,0.9459,0.059,0.0266,2.1904,0.4347,0.769,1.5111,0.8542,2.3827,0.6415,1.7893,fujiharaa,2011-01-04T00:06:07Z
"C0012D-4H-2, 97.0 cm",NULL,135.988,136.38,135.988,136.38,"C0012D-4H-2, 99.0 cm",NULL,136.005,136.4,136.005,136.4,"C0012D-4H-2 W, 97.0--99.0 cm",CKY000000000004817600,PP,NULL,5,coolks333,NULL,CKY,2011-01-01T00:42:53Z,633,glass beaker,6.086,2.695,10.1972,5.3052,4.1112,633,glass beaker,6.086,2.695,8.5757,3.6908,2.4897,1.6803,1.6409,0.9693,2.6102,0.9958,0.0588,0.0265,2.4309,0.4087,0.6912,1.5751,0.9313,2.5079,0.6286,1.6929,fujiharaa,2011-01-04T00:06:08Z
"C0012D-4H-2, 125.5 cm",NULL,136.226,136.665,136.226,136.665,"C0012D-4H-2, 126.5 cm",NULL,136.235,136.675,136.235,136.675,"C0012D-4H-2 WR, 125.5--126.5 cm",CKY000000000004625200,PP,NULL,5,mstrasser333,NULL,CKY,2010-12-28T08:07:05Z,26,glass beaker,4.59,2.046,12.7683,6.9676,8.1783,26,glass beaker,4.59,2.046,9.8114,4.0236,5.2214,3.0641,2.9923,1.9293,4.9216,1.9776,0.1072,0.0483,5.1142,0.3747,0.5991,1.6617,1.0391,2.6508,0.608,1.551,fujiharaa,2011-01-04T00:06:06Z
"C0012D-4H-3, 23.0 cm",NULL,136.552,137.055,136.552,137.055,"C0012D-4H-3, 25.0 cm",NULL,136.569,137.075,136.569,137.075,"C0012D-4H-3 W, 23.0--25.0 cm",CKY000000000004817700,PP,NULL,5,coolks333,NULL,CKY,2011-01-01T00:42:53Z,154,glass beaker,6.047,2.683,10.2339,5.3248,4.1869,154,glass beaker,6.047,2.683,8.6581,3.7559,2.6111,1.633,1.5947,1.0471,2.6418,1.0729,0.0572,0.0258,2.5539,0.39,0.6394,1.5849,0.9667,2.439,0.6036,1.523,fujiharaa,2011-01-04T00:06:08Z
"C0012D-4H-4, 29.5 cm",NULL,137.538,138.235,137.538,138.235,"C0012D-4H-4, 31.5 cm",NULL,137.554,138.255,137.554,138.255,"C0012D-4H-4 WR, 29.5--31.5 cm",CKY000000000004596200,PP,NULL,3,marion333,NULL,CKY,2010-12-27T21:39:15Z,626,glass beaker,6.086,2.739,13.4951,7.0367,7.4091,626,glass beaker,6.086,2.739,10.9663,4.5189,4.8803,2.6205,2.5591,1.7386,4.2977,1.7799,0.0917,0.0413,4.7886,0.3537,0.5472,1.724,1.1142,2.7543,0.5955,1.4719,fujiharaa,2011-01-04T00:06:05Z
"C0012D-4H-5, 21.0 cm",NULL,137.73,138.465,137.73,138.465,"C0012D-4H-5, 23.0 cm",NULL,137.746,138.485,137.746,138.485,"C0012D-4H-5 W, 21.0--23.0 cm",CKY000000000004817800,PP,NULL,5,coolks333,NULL,CKY,2011-01-01T00:42:53Z,116,glass beaker,6.076,2.7,12.03,6.2218,5.954,116,glass beaker,6.076,2.7,10.0812,4.2814,4.0052,2.0195,1.9722,1.5496,3.5218,1.5814,0.0707,0.0318,3.9345,0.3392,0.5133,1.6906,1.1172,2.539,0.56,1.2727,fujiharaa,2011-01-04T00:06:08Z
"C0012D-4H-5, 120.5 cm",NULL,138.561,139.46,138.561,139.46,"C0012D-4H-5, 121.5 cm",NULL,138.569,139.47,138.569,139.47,"C0012D-4H-5 WR, 120.5--121.5 cm",CKY000000000004626500,PP,NULL,5,mstrasser333,NULL,CKY,2010-12-28T08:10:17Z,623,glass beaker,6.083,2.721,13.1549,6.8565,7.0719,623,glass beaker,6.083,2.721,10.8468,4.5585,4.7638,2.3918,2.3357,1.7998,4.1355,1.8375,0.0837,0.0377,4.6801,0.3382,0.5111,1.71,1.1317,2.6003,0.5648,1.2978,fujiharaa,2011-01-04T00:06:06Z
"C0012D-4H-6, 13.0 cm",NULL,138.845,139.8,138.845,139.8,"C0012D-4H-6, 15.0 cm",NULL,138.862,139.82,138.862,139.82,"C0012D-4H-6 W, 13.0--15.0 cm",CKY000000000004817900,PP,NULL,5,coolks333,NULL,CKY,2011-01-01T00:42:53Z,157,glass beaker,6.041,2.702,11.4084,5.9606,5.3674,157,glass beaker,6.041,2.702,9.5014,4.0619,3.4604,1.9762,1.9299,1.3287,3.2586,1.3599,0.0692,0.0312,3.3912,0.3682,0.5827,1.6471,1.0407,2.5523,0.5922,1.4525,fujiharaa,2011-01-04T00:06:08Z
"C0012D-5H-1, 67.0 cm",NULL,141.603,141.67,141.603,141.67,"C0012D-5H-1, 69.0 cm",NULL,141.621,141.69,141.621,141.69,"C0012D-5H-1 W, 67.0--69.0 cm",CKY000000000004818000,PP,NULL,5,coolks333,NULL,CKY,2011-01-01T00:44:15Z,124,glass beaker,5.986,2.706,12.1919,6.3593,6.2059,124,glass beaker,5.986,2.706,10.0475,4.2242,4.0615,2.2222,2.1701,1.4832,3.6533,1.5182,0.0778,0.035,3.9837,0.3581,0.5578,1.6987,1.0904,2.6859,0.594,1.4631,fujiharaa,2011-01-04T00:06:08Z
"C0012D-5H-1, 134.0 cm",NULL,142.206,142.34,142.206,142.34,"C0012D-5H-1, 136.0 cm",NULL,142.224,142.36,142.224,142.36,"C0012D-5H-1 W, 134.0--136.0 cm",CKY000000000004818100,PP,NULL,5,coolks333,NULL,CKY,2011-01-01T00:44:15Z,171,glass beaker,5.985,2.695,12.5394,6.5595,6.5544,171,glass beaker,5.985,2.695,10.3175,4.3473,4.3325,2.3025,2.2485,1.616,3.8645,1.6523,0.0806,0.0363,4.2519,0.3513,0.5415,1.6961,1.1002,2.6311,0.5818,1.3914,fujiharaa,2011-01-04T00:06:08Z
"C0012D-5H-2, 23.0 cm",NULL,142.472,142.635,142.472,142.635,"C0012D-5H-2, 25.0 cm",NULL,142.49,142.655,142.49,142.655,"C0012D-5H-2 W, 23.0--25.0 cm",CKY000000000004818200,PP,NULL,5,coolks333,NULL,CKY,2011-01-01T00:44:15Z,627,glass beaker,6.129,2.768,11.752,6.1735,5.623,627,glass beaker,6.129,2.768,9.7062,4.1366,3.5772,2.12,2.0703,1.3352,3.4055,1.3686,0.0742,0.0334,3.503,0.377,0.6052,1.6512,1.0286,2.6236,0.6079,1.5506,fujiharaa,2011-01-04T00:06:08Z
"C0012D-5H-2, 94.0 cm",NULL,143.111,143.345,143.111,143.345,"C0012D-5H-2, 96.0 cm",NULL,143.129,143.365,143.129,143.365,"C0012D-5H-2 W, 94.0--96.0 cm",CKY000000000004818300,PP,NULL,5,coolks333,NULL,CKY,2011-01-01T00:44:15Z,183,glass beaker,5.921,2.686,11.5485,6.0362,5.6275,183,glass beaker,5.921,2.686,9.5638,4.0601,3.6428,2.0567,2.0085,1.3417,3.3502,1.3741,0.072,0.0324,3.5708,0.3655,0.576,1.6798,1.0658,2.6614,0.5995,1.497,fujiharaa,2011-01-04T00:06:08Z
"C0012D-5H-2, 108.0 cm",NULL,143.237,143.485,143.237,143.485,"C0012D-5H-2, 109.0 cm",NULL,143.246,143.495,143.246,143.495,"C0012D-5H-2 WR, 108.0--109.0 cm",CKY000000000004638400,PP,NULL,5,mstrasser333,NULL,CKY,2010-12-28T14:24:12Z,414,glass beaker,6.238,2.815,15.1247,7.8955,8.8867,414,glass beaker,6.238,2.815,12.2766,5.0598,6.0386,2.9514,2.8822,2.1983,5.0805,2.2448,0.1033,0.0465,5.9353,0.3321,0.4973,1.7492,1.1683,2.6999,0.5673,1.3111,fujiharaa,2011-01-04T00:06:06Z
"C0012D-5H-3, 15.0 cm",NULL,143.678,143.975,143.678,143.975,"C0012D-5H-3, 16.0 cm",NULL,143.687,143.985,143.687,143.985,"C0012D-5H-3 WR, 15.0--16.0 cm",CKY000000000004638900,PP,NULL,5,mstrasser333,NULL,CKY,2010-12-28T14:39:51Z,116,glass beaker,6.076,2.7,14.3208,7.4433,8.2448,116,glass beaker,6.076,2.7,11.6803,4.8143,5.6043,2.7363,2.6722,2.0711,4.7433,2.1143,0.0958,0.0432,5.5085,0.3319,0.4967,1.7382,1.1613,2.6597,0.5634,1.2902,fujiharaa,2011-01-04T00:06:06Z
"C0012D-5H-3, 54.0 cm",NULL,144.029,144.365,144.029,144.365,"C0012D-5H-3, 56.0 cm",NULL,144.047,144.385,144.047,144.385,"C0012D-5H-3 W, 54.0--56.0 cm",CKY000000000004841300,PP,NULL,10,yuehan333,NULL,CKY,2011-01-01T14:51:00Z,26,glass beaker,4.59,2.046,9.2488,4.6757,4.6588,26,glass beaker,4.59,2.046,7.8179,3.2511,3.2279,1.4828,1.448,1.1817,2.6297,1.2051,0.0519,0.0234,3.176,0.3183,0.4669,1.7716,1.2077,2.6877,0.5506,1.2254,fujiharaa,2011-01-04T00:06:08Z
"C0012D-5H-4, 30.0 cm",NULL,144.628,145.03,144.628,145.03,"C0012D-5H-4, 32.0 cm",NULL,144.646,145.05,144.646,145.05,"C0012D-5H-4 WR, 30.0--32.0 cm",CKY000000000004597200,PP,NULL,3,yasunagam,NULL,CKY,2010-12-27T21:41:40Z,160,glass beaker,6.044,2.724,13.464,6.896,7.42,160,glass beaker,6.044,2.724,11.2029,4.6447,5.1589,2.3431,2.2882,1.8838,4.172,1.9207,0.082,0.0369,5.0769,0.3158,0.4615,1.7785,1.2169,2.695,0.5485,1.2147,fujiharaa,2011-01-04T00:06:05Z
"C0012D-5H-5, 4.0 cm",NULL,144.682,145.09,144.682,145.09,"C0012D-5H-5, 6.0 cm",NULL,144.7,145.11,144.7,145.11,"C0012D-5H-5 W, 4.0--6.0 cm",CKY000000000004841400,PP,NULL,10,yuehan333,NULL,CKY,2011-01-01T14:51:00Z,1,glass beaker,4.601,2.091,9.5348,4.8838,4.9338,1,glass beaker,4.601,2.091,7.9233,3.2793,3.3223,1.6699,1.6308,1.162,2.7928,1.1883,0.0584,0.0263,3.2639,0.3385,0.5116,1.7666,1.1687,2.8089,0.5839,1.4034,fujiharaa,2011-01-04T00:06:08Z
"C0012D-5H-5, 122.0 cm",NULL,145.744,146.27,145.744,146.27,"C0012D-5H-5, 124.0 cm",NULL,145.762,146.29,145.762,146.29,"C0012D-5H-5 W, 122.0--124.0 cm",CKY000000000004841500,PP,NULL,10,yuehan333,NULL,CKY,2011-01-01T14:51:00Z,626,glass beaker,6.086,2.739,11.0768,5.5807,4.9908,626,glass beaker,6.086,2.739,9.4563,3.9673,3.3703,1.6793,1.6399,1.2018,2.8417,1.2283,0.0588,0.0265,3.3115,0.3365,0.5071,1.7563,1.1653,2.7555,0.5771,1.3645,fujiharaa,2011-01-04T00:06:08Z
"C0012D-6H-1, 32.0 cm",NULL,146.755,146.82,146.755,146.82,"C0012D-6H-1, 34.0 cm",NULL,146.771,146.84,146.771,146.84,"C0012D-6H-1 W, 32.0--34.0 cm",CKY000000000004841600,PP,NULL,10,yuehan333,NULL,CKY,2011-01-01T14:51:00Z,190,glass beaker,6.059,2.715,12.9616,6.8254,6.9026,190,glass beaker,6.059,2.715,10.4516,4.3264,4.3926,2.601,2.54,1.5704,4.1104,1.6114,0.091,0.041,4.3016,0.3768,0.6047,1.6793,1.0465,2.7392,0.6179,1.6174,fujiharaa,2011-01-04T00:06:08Z
"C0012D-6H-1, 115.0 cm",NULL,147.415,147.65,147.415,147.65,"C0012D-6H-1, 117.0 cm",NULL,147.431,147.67,147.431,147.67,"C0012D-6H-1 W, 115.0--117.0 cm",CKY000000000004841700,PP,NULL,10,yuehan333,NULL,CKY,2011-01-01T14:51:00Z,622,glass beaker,6.128,2.797,13.3337,7.0316,7.2057,622,glass beaker,6.128,2.797,10.8284,4.5371,4.7004,2.5962,2.5354,1.6992,4.2346,1.7401,0.0909,0.0409,4.6095,0.3603,0.5632,1.7016,1.0885,2.7127,0.5987,1.4921,fujiharaa,2011-01-04T00:06:08Z
"C0012D-6H-2, 28.0 cm",NULL,147.845,148.19,147.845,148.19,"C0012D-6H-2, 30.0 cm",NULL,147.861,148.21,147.861,148.21,"C0012D-6H-2 W, 28.0--30.0 cm",CKY000000000004841800,PP,NULL,10,yuehan333,NULL,CKY,2011-01-01T14:51:00Z,610,glass beaker,5.981,2.689,12.6081,6.5752,6.6271,610,glass beaker,5.981,2.689,10.3686,4.3455,4.3876,2.3207,2.2663,1.6199,3.8862,1.6565,0.0812,0.0366,4.3064,0.3502,0.5389,1.7053,1.1081,2.6584,0.5832,1.399,fujiharaa,2011-01-04T00:06:08Z
"C0012D-6H-2, 110.0 cm",NULL,148.498,149.01,148.498,149.01,"C0012D-6H-2, 112.0 cm",NULL,148.514,149.03,148.514,149.03,"C0012D-6H-2 W, 110.0--112.0 cm",CKY000000000004841900,PP,NULL,10,yuehan333,NULL,CKY,2011-01-01T14:51:00Z,195,glass beaker,6.067,2.73,12.3099,6.461,6.2429,195,glass beaker,6.067,2.73,10.1593,4.3197,4.0923,2.2286,2.1764,1.5546,3.731,1.5897,0.078,0.0351,4.0143,0.357,0.5552,1.6733,1.0759,2.5822,0.5833,1.4,fujiharaa,2011-01-04T00:06:08Z
"C0012D-6H-3, 21.0 cm",NULL,148.916,149.535,148.916,149.535,"C0012D-6H-3, 23.0 cm",NULL,148.932,149.555,148.932,149.555,"C0012D-6H-3 W, 21.0--23.0 cm",CKY000000000004842000,PP,NULL,10,yuehan333,NULL,CKY,2011-01-01T14:51:00Z,426,glass beaker,6.254,2.796,13.9122,7.264,7.6582,426,glass beaker,6.254,2.796,11.396,4.7587,5.142,2.6075,2.5464,1.9216,4.468,1.9627,0.0913,0.0411,5.0507,0.3405,0.5163,1.714,1.1304,2.6284,0.5699,1.3251,fujiharaa,2011-01-04T00:06:08Z
"C0012D-6H-4, 67.0 cm",NULL,149.525,150.3,149.525,150.3,"C0012D-6H-4, 69.0 cm",NULL,149.541,150.32,149.541,150.32,"C0012D-6H-4 W, 67.0--69.0 cm",CKY000000000004842100,PP,NULL,10,yuehan333,NULL,CKY,2011-01-01T14:51:00Z,130,glass beaker,6.103,2.696,12.0414,6.1428,5.9384,130,glass beaker,6.103,2.696,10.105,4.2148,4.002,2.0066,1.9596,1.4872,3.4468,1.5188,0.0702,0.0316,3.9318,0.3379,0.5104,1.7229,1.1407,2.6438,0.5685,1.3176,fujiharaa,2011-01-04T00:06:08Z
"C0012D-6H-6, 44.0 cm",NULL,150.416,151.42,150.416,151.42,"C0012D-6H-6, 46.0 cm",NULL,150.432,151.44,150.432,151.44,"C0012D-6H-6 W, 44.0--46.0 cm",CKY000000000004842200,PP,NULL,10,yuehan333,NULL,CKY,2011-01-01T14:51:00Z,4,glass beaker,4.668,2.085,10.0718,5.1044,5.4038,4,glass beaker,4.668,2.085,8.4345,3.4743,3.7665,1.6967,1.6569,1.3625,3.0194,1.3893,0.0594,0.0268,3.7071,0.314,0.4577,1.7897,1.2278,2.7208,0.5488,1.2161,fujiharaa,2011-01-04T00:06:08Z
"C0012D-7H-1, 73.0 cm",NULL,152.677,152.73,152.677,152.73,"C0012D-7H-1, 75.0 cm",NULL,152.696,152.75,152.696,152.75,"C0012D-7H-1 W, 73.0--75.0 cm",CKY000000000004842300,PP,NULL,10,yuehan333,NULL,CKY,2011-01-01T14:51:00Z,639,glass beaker,6.153,2.767,12.5956,6.4637,6.4426,639,glass beaker,6.153,2.767,10.4826,4.3599,4.3296,2.1896,2.1383,1.5584,3.6967,1.5929,0.0766,0.0345,4.253,0.3399,0.5148,1.7428,1.1505,2.7291,0.5784,1.3721,fujiharaa,2011-01-04T00:06:09Z
"C0012D-7H-1, 123.0 cm",NULL,153.141,153.23,153.141,153.23,"C0012D-7H-1, 125.0 cm",NULL,153.159,153.25,153.159,153.25,"C0012D-7H-1 W, 123.0--125.0 cm",CKY000000000004842400,PP,NULL,10,yuehan333,NULL,CKY,2011-01-01T14:51:00Z,197,glass beaker,6.029,2.684,13.2212,6.8207,7.1922,197,glass beaker,6.029,2.684,10.8531,4.4629,4.8241,2.454,2.3965,1.7402,4.1367,1.7789,0.0859,0.0387,4.7382,0.3412,0.5179,1.7386,1.1454,2.7228,0.5793,1.3771,fujiharaa,2011-01-04T00:06:09Z
"C0012D-7H-2, 35.0 cm",NULL,153.628,153.755,153.628,153.755,"C0012D-7H-2, 37.0 cm",NULL,153.646,153.775,153.646,153.775,"C0012D-7H-2 W, 35.0--37.0 cm",CKY000000000004842500,PP,NULL,10,yuehan333,NULL,CKY,2011-01-01T14:51:00Z,170,glass beaker,6.053,2.728,12.9803,6.7387,6.9273,170,glass beaker,6.053,2.728,10.7114,4.4797,4.6584,2.3512,2.2961,1.7146,4.0107,1.7517,0.0823,0.0371,4.5761,0.3394,0.5138,1.7272,1.141,2.6689,0.5725,1.3391,fujiharaa,2011-01-04T00:06:09Z
"C0012D-7H-2, 110.0 cm",NULL,154.323,154.505,154.323,154.505,"C0012D-7H-2, 112.0 cm",NULL,154.342,154.525,154.342,154.525,"C0012D-7H-2 W, 110.0--112.0 cm",CKY000000000004842600,PP,NULL,10,yuehan333,NULL,CKY,2011-01-01T14:51:00Z,638,glass beaker,6.13,2.739,13.3564,6.8096,7.2264,638,glass beaker,6.13,2.739,11.1907,4.6534,5.0607,2.2442,2.1916,1.879,4.0706,1.9144,0.0785,0.0354,4.9822,0.3106,0.4504,1.7753,1.2239,2.6515,0.5384,1.1664,fujiharaa,2011-01-04T00:06:09Z
"C0012D-7H-3, 29.0 cm",NULL,154.834,155.055,154.834,155.055,"C0012D-7H-3, 31.0 cm",NULL,154.852,155.075,154.852,155.075,"C0012D-7H-3 WR, 29.0--31.0 cm",CKY000000000004605600,PP,NULL,3,marion333,NULL,CKY,2010-12-28T01:07:22Z,171,glass beaker,5.985,2.695,12.6809,6.5958,6.6959,171,glass beaker,5.985,2.695,10.3855,4.3104,4.4005,2.3787,2.3229,1.5779,3.9008,1.6154,0.0833,0.0375,4.3172,0.3552,0.551,1.7165,1.1067,2.736,0.5955,1.4721,fujiharaa,2011-01-04T00:06:05Z
"C0012D-7H-4, 27.0 cm",NULL,155.103,155.345,155.103,155.345,"C0012D-7H-4, 29.0 cm",NULL,155.121,155.365,155.121,155.365,"C0012D-7H-4 W, 27.0--29.0 cm",CKY000000000004842700,PP,NULL,10,yuehan333,NULL,CKY,2011-01-01T14:51:00Z,505,glass beaker,4.578,2.061,10.9599,5.7747,6.3819,505,glass beaker,4.578,2.061,8.8696,3.6935,4.2916,2.1661,2.1153,1.5984,3.7137,1.6325,0.0758,0.0341,4.2158,0.3394,0.5138,1.7185,1.1352,2.6375,0.5696,1.3234,fujiharaa,2011-01-04T00:06:09Z
"C0012D-7H-4, 125.0 cm",NULL,156.011,156.325,156.011,156.325,"C0012D-7H-4, 127.0 cm",NULL,156.03,156.345,156.03,156.345,"C0012D-7H-4 W, 125.0--127.0 cm",CKY000000000004842800,PP,NULL,10,yuehan333,NULL,CKY,2011-01-01T14:51:00Z,414,glass beaker,6.238,2.815,11.9494,6.0549,5.7114,414,glass beaker,6.238,2.815,10.2461,4.359,4.0081,1.7651,1.7237,1.5162,3.2399,1.544,0.0618,0.0278,3.9463,0.309,0.4473,1.7628,1.218,2.6028,0.532,1.1369,fujiharaa,2011-01-04T00:06:09Z
"C0012D-7H-5, 6.0 cm",NULL,156.215,156.545,156.215,156.545,"C0012D-7H-5, 8.0 cm",NULL,156.234,156.565,156.234,156.565,"C0012D-7H-5 W, 6.0--8.0 cm",CKY000000000004842900,PP,NULL,10,yuehan333,NULL,CKY,2011-01-01T14:51:00Z,646,glass beaker,6.115,2.74,11.0089,5.563,4.8939,646,glass beaker,6.115,2.74,9.379,3.9402,3.264,1.689,1.6494,1.1736,2.823,1.2002,0.0591,0.0266,3.2049,0.3451,0.527,1.7336,1.1353,2.7308,0.5843,1.4054,fujiharaa,2011-01-04T00:06:09Z
"C0012D-7H-5, 20.0 cm",NULL,156.345,156.685,156.345,156.685,"C0012D-7H-5, 21.0 cm",NULL,156.355,156.695,156.355,156.695,"C0012D-7H-5 WR, 20.0--21.0 cm",CKY000000000004646800,PP,NULL,5,asukay333,NULL,CKY,2010-12-28T18:31:41Z,435,glass beaker,6.177,2.787,13.4659,6.8687,7.2889,435,glass beaker,6.177,2.787,11.2196,4.6322,5.0426,2.3278,2.2732,1.8085,4.0817,1.8452,0.0815,0.0367,4.9611,0.3194,0.4692,1.7858,1.2154,2.7432,0.5569,1.257,fujiharaa,2011-01-04T00:06:06Z
"C0012D-8H-1, 39.0 cm",NULL,157.874,157.89,157.874,157.89,"C0012D-8H-1, 41.0 cm",NULL,157.894,157.91,157.894,157.91,"C0012D-8H-1 W, 39.0--41.0 cm",CKY000000000004843000,PP,NULL,10,yuehan333,NULL,CKY,2011-01-01T14:51:00Z,202,glass beaker,6.011,2.715,11.4889,5.8055,5.4779,202,glass beaker,6.011,2.715,9.7307,4.0549,3.7197,1.822,1.7793,1.3112,3.0905,1.3399,0.0638,0.0287,3.6559,0.3326,0.4984,1.7725,1.1829,2.7882,0.5757,1.357,fujiharaa,2011-01-04T00:06:09Z
"C0012D-8H-1, 109.0 cm",NULL,158.546,158.59,158.546,158.59,"C0012D-8H-1, 111.0 cm",NULL,158.565,158.61,158.565,158.61,"C0012D-8H-1 W, 109.0--111.0 cm",CKY000000000004843100,PP,NULL,10,yuehan333,NULL,CKY,2011-01-01T14:51:00Z,648,glass beaker,6.153,2.766,9.9078,4.9215,3.7548,648,glass beaker,6.153,2.766,8.6602,3.6794,2.5072,1.2928,1.2625,0.893,2.1555,0.9134,0.0452,0.0204,2.462,0.3443,0.5251,1.742,1.1422,2.757,0.5857,1.4138,fujiharaa,2011-01-04T00:06:09Z
"C0012D-8H-2, 58.0 cm",NULL,159.405,159.485,159.405,159.485,"C0012D-8H-2, 60.0 cm",NULL,159.424,159.505,159.424,159.505,"C0012D-8H-2 W, 58.0--60.0 cm",CKY000000000004843200,PP,NULL,10,yuehan333,NULL,CKY,2011-01-01T14:51:00Z,605,glass beaker,6.167,2.755,11.7124,5.8215,5.5454,605,glass beaker,6.167,2.755,10.0497,4.1661,3.8827,1.723,1.6826,1.3839,3.0665,1.4111,0.0603,0.0272,3.8224,0.3107,0.4508,1.8084,1.2465,2.762,0.5487,1.2158,fujiharaa,2011-01-04T00:06:09Z
"C0012D-8H-3, 14.0 cm",NULL,159.707,159.8,159.707,159.8,"C0012D-8H-3, 16.0 cm",NULL,159.727,159.82,159.727,159.82,"C0012D-8H-3 W, 14.0--16.0 cm",CKY000000000004843300,PP,NULL,10,yuehan333,NULL,CKY,2011-01-01T14:51:00Z,617,glass beaker,6.137,2.753,13.691,6.9806,7.554,617,glass beaker,6.137,2.753,11.4097,4.7093,5.2727,2.364,2.3086,1.919,4.2276,1.9563,0.0827,0.0373,5.19,0.3129,0.4555,1.7868,1.2276,2.7045,0.5461,1.203,fujiharaa,2011-01-04T00:06:09Z
"C0012D-8H-3, 56.5 cm",NULL,160.115,160.225,160.115,160.225,"C0012D-8H-3, 57.5 cm",NULL,160.125,160.235,160.125,160.235,"C0012D-8H-3 WR, 56.5--57.5 cm",CKY000000000004647500,PP,NULL,5,asukay333,NULL,CKY,2010-12-28T18:35:37Z,401,glass beaker,6.311,2.817,13.057,6.5701,6.746,401,glass beaker,6.311,2.817,11.1097,4.6313,4.7987,2.0179,1.9706,1.7825,3.7531,1.8143,0.0706,0.0318,4.7281,0.2991,0.4268,1.7974,1.2598,2.6525,0.5251,1.1055,fujiharaa,2011-01-04T00:06:06Z
"C0012D-8H-4, 29.5 cm",NULL,160.552,160.68,160.552,160.68,"C0012D-8H-4, 31.5 cm",NULL,160.571,160.7,160.571,160.7,"C0012D-8H-4 WR, 29.5--31.5 cm",CKY000000000004607800,PP,NULL,3,marion333,NULL,CKY,2010-12-28T02:33:12Z,138,glass beaker,5.991,2.672,11.5806,5.7957,5.5896,138,glass beaker,5.991,2.672,9.9701,4.1922,3.9791,1.6689,1.6298,1.4939,3.1237,1.5202,0.0584,0.0263,3.9207,0.2986,0.4257,1.7894,1.2551,2.6245,0.5218,1.091,fujiharaa,2011-01-04T00:06:05Z
"C0012D-8H-5, 10.0 cm",NULL,160.667,160.8,160.667,160.8,"C0012D-8H-5, 12.0 cm",NULL,160.686,160.82,160.686,160.82,"C0012D-8H-5 W, 10.0--12.0 cm",CKY000000000004843400,PP,NULL,10,yuehan333,NULL,CKY,2011-01-01T14:51:00Z,111,glass beaker,6.063,2.796,13.4291,7.0198,7.3661,111,glass beaker,6.063,2.796,11.024,4.6252,4.961,2.4923,2.4339,1.7899,4.2238,1.8292,0.0872,0.0393,4.8738,0.3383,0.5114,1.744,1.1539,2.7229,0.5762,1.3598,fujiharaa,2011-01-04T00:06:09Z
"C0012D-8H-6, 12.0 cm",NULL,162.035,162.225,162.035,162.225,"C0012D-8H-6, 14.0 cm",NULL,162.054,162.245,162.054,162.245,"C0012D-8H-6 W, 12.0--14.0 cm",CKY000000000004843500,PP,NULL,10,yuehan333,NULL,CKY,2011-01-01T14:51:00Z,107,glass beaker,6.089,2.699,13.933,6.8824,7.844,107,glass beaker,6.089,2.699,11.9708,4.9288,5.8818,2.0334,1.9857,2.1977,4.1834,2.2298,0.0712,0.0321,5.8106,0.2592,0.3499,1.875,1.389,2.6439,0.4747,0.9035,fujiharaa,2011-01-04T00:06:09Z
"C0012D-9H-1, 24.0 cm",NULL,162.694,162.74,162.694,162.74,"C0012D-9H-1, 26.0 cm",NULL,162.71,162.76,162.71,162.76,"C0012D-9H-1 W, 24.0--26.0 cm",CKY000000000004843600,PP,NULL,10,yuehan333,NULL,CKY,2011-01-01T14:51:00Z,619,glass beaker,6.129,2.788,12.3436,6.2956,6.2146,619,glass beaker,6.129,2.788,10.4436,4.4038,4.3146,1.9689,1.9228,1.5848,3.5076,1.6158,0.0689,0.031,4.2457,0.3168,0.4637,1.7718,1.2104,2.679,0.5482,1.2133,fujiharaa,2011-01-04T00:06:09Z
"C0012D-9H-1, 116.0 cm",NULL,163.436,163.66,163.436,163.66,"C0012D-9H-1, 118.0 cm",NULL,163.453,163.68,163.453,163.68,"C0012D-9H-1 W, 116.0--118.0 cm",CKY000000000004843700,PP,NULL,10,yuehan333,NULL,CKY,2011-01-01T14:51:00Z,423,glass beaker,6.232,2.815,12.1111,6.1935,5.8791,423,glass beaker,6.232,2.815,10.1549,4.2458,3.9229,2.0272,1.9797,1.3988,3.3785,1.4308,0.071,0.032,3.8519,0.3448,0.5263,1.7402,1.1401,2.7537,0.586,1.4153,fujiharaa,2011-01-04T00:06:09Z
"C0012D-9H-2, 49.0 cm",NULL,164.034,164.4,164.034,164.4,"C0012D-9H-2, 51.0 cm",NULL,164.05,164.42,164.05,164.42,"C0012D-9H-2 W, 49.0--51.0 cm",CKY000000000004843800,PP,NULL,10,yuehan333,NULL,CKY,2011-01-01T14:51:00Z,185,glass beaker,5.862,2.662,12.1837,6.1743,6.3217,185,glass beaker,5.862,2.662,10.2858,4.2847,4.4238,1.9667,1.9206,1.5917,3.5123,1.6227,0.0688,0.031,4.355,0.3111,0.4516,1.7999,1.2399,2.7361,0.5468,1.2066,fujiharaa,2011-01-04T00:06:09Z
"C0012D-9H-2, 98.0 cm",NULL,164.429,164.89,164.429,164.89,"C0012D-9H-2, 100.0 cm",NULL,164.445,164.91,164.445,164.91,"C0012D-9H-2 W, 98.0--100.0 cm",CKY000000000004843900,PP,NULL,10,yuehan333,NULL,CKY,2011-01-01T14:51:00Z,419,glass beaker,6.197,2.796,14.13,6.9919,7.933,419,glass beaker,6.197,2.796,12.0956,4.9663,5.8986,2.1082,2.0588,2.1371,4.1959,2.1703,0.0738,0.0332,5.8248,0.2658,0.3619,1.8907,1.3882,2.7256,0.4907,0.9634,fujiharaa,2011-01-04T00:06:09Z
"C0012D-9H-3, 27.0 cm",NULL,164.99,165.585,164.99,165.585,"C0012D-9H-3, 29.0 cm",NULL,165.006,165.605,165.006,165.605,"C0012D-9H-3 W, 27.0--29.0 cm",CKY000000000004844000,PP,NULL,10,yuehan333,NULL,CKY,2011-01-01T14:51:00Z,645,glass beaker,6.045,2.729,11.8225,5.8427,5.7775,645,glass beaker,6.045,2.729,10.1931,4.2204,4.1481,1.6885,1.6489,1.4648,3.1137,1.4914,0.0591,0.0266,4.089,0.2923,0.4129,1.8555,1.3132,2.7915,0.5296,1.1257,fujiharaa,2011-01-04T00:06:09Z
"C0012D-9H-3, 119.5 cm",NULL,165.737,166.51,165.737,166.51,"C0012D-9H-3, 120.5 cm",NULL,165.745,166.52,165.745,166.52,"C0012D-9H-3 WR, 119.5--120.5 cm",CKY000000000004648400,PP,NULL,5,asukay333,NULL,CKY,2010-12-28T18:42:33Z,400,glass beaker,6.37,2.832,12.4537,6.1379,6.0837,400,glass beaker,6.37,2.832,10.8612,4.5523,4.4912,1.6503,1.6116,1.6943,3.3059,1.7203,0.0578,0.026,4.4334,0.2713,0.3722,1.8403,1.3411,2.6167,0.4875,0.9512,fujiharaa,2011-01-04T00:06:06Z
"C0012D-9H-4, 37.0 cm",NULL,166.205,167.09,166.205,167.09,"C0012D-9H-4, 39.0 cm",NULL,166.221,167.11,166.221,167.11,"C0012D-9H-4 W, 37.0--39.0 cm",CKY000000000004844100,PP,NULL,10,yuehan333,NULL,CKY,2011-01-01T14:51:00Z,184,glass beaker,6.05,2.712,10.4094,5.1222,4.3594,184,glass beaker,6.05,2.712,9.1286,3.8469,3.0786,1.3273,1.2962,1.114,2.4102,1.1349,0.0465,0.0209,3.0321,0.3045,0.4377,1.8087,1.258,2.7218,0.5378,1.1636,fujiharaa,2011-01-04T00:06:09Z
"C0012D-10H-1, 28.0 cm",NULL,167.15,167.28,167.15,167.28,"C0012D-10H-1, 30.0 cm",NULL,167.16,167.3,167.16,167.3,"C0012D-10H-1 W, 28.0--30.0 cm",CKY000000000004859100,PP,NULL,5,coolks333,NULL,CKY,2011-01-02T01:27:13Z,192,glass beaker,5.929,2.648,12.988,6.525,7.059,192,glass beaker,5.929,2.648,10.9527,4.4985,5.0237,2.1091,2.0597,1.8173,3.877,1.8505,0.0738,0.0332,4.9499,0.2988,0.4261,1.8207,1.2767,2.7238,0.5313,1.1334,fujiharaa,2011-01-04T00:06:09Z
"C0012D-10H-1, 118.0 cm",NULL,167.63,168.18,167.63,168.18,"C0012D-10H-1, 120.0 cm",NULL,167.641,168.2,167.641,168.2,"C0012D-10H-1 W, 118.0--120.0 cm",CKY000000000004859200,PP,NULL,5,coolks333,NULL,CKY,2011-01-02T01:27:13Z,608,glass beaker,6.089,2.734,11.4396,5.6397,5.3506,608,glass beaker,6.089,2.734,9.9342,4.1409,3.8452,1.56,1.5234,1.3823,2.9057,1.4069,0.0546,0.0246,3.7906,0.2916,0.4115,1.8414,1.3045,2.7422,0.5243,1.1021,fujiharaa,2011-01-04T00:06:09Z
"C0012D-10H-2, 8.0 cm",NULL,167.798,168.495,167.798,168.495,"C0012D-10H-2, 9.0 cm",NULL,167.804,168.505,167.804,168.505,"C0012D-10H-2 WR, 8.0--9.0 cm",CKY000000000004650600,PP,NULL,5,asukay333,NULL,CKY,2010-12-28T18:50:59Z,180,glass beaker,6.061,2.715,12.1586,5.9695,6.0976,180,glass beaker,6.061,2.715,10.5542,4.3721,4.4932,1.6626,1.6236,1.6309,3.2545,1.6571,0.0582,0.0262,4.435,0.2727,0.3749,1.8736,1.3627,2.7194,0.4989,0.9955,fujiharaa,2011-01-04T00:06:06Z
"C0012D-10H-2, 52.0 cm",NULL,168.033,168.935,168.033,168.935,"C0012D-10H-2, 54.0 cm",NULL,168.044,168.955,168.044,168.955,"C0012D-10H-2 W, 52.0--54.0 cm",CKY000000000004859300,PP,NULL,5,coolks333,NULL,CKY,2011-01-02T01:27:13Z,604,glass beaker,6.108,2.786,11.2018,5.5141,5.0938,604,glass beaker,6.108,2.786,9.7193,4.038,3.6113,1.5363,1.5003,1.2278,2.7281,1.252,0.0538,0.0242,3.5575,0.3016,0.4318,1.8672,1.304,2.8975,0.5499,1.2219,fujiharaa,2011-01-04T00:06:10Z
"C0012D-10H-2, 88.5 cm",NULL,168.228,169.3,168.228,169.3,"C0012D-10H-2, 89.5 cm",NULL,168.233,169.31,168.233,169.31,"C0012D-10H-2 WR, 88.5--89.5 cm",CKY000000000004651200,PP,NULL,5,asukay333,NULL,CKY,2010-12-28T18:50:59Z,167,glass beaker,6.076,2.774,12.493,6.2365,6.417,167,glass beaker,6.076,2.774,10.6757,4.4271,4.5997,1.8832,1.8391,1.6234,3.4625,1.6531,0.0659,0.0297,4.5338,0.2935,0.4154,1.8533,1.3094,2.7928,0.5311,1.1329,fujiharaa,2011-01-04T00:06:06Z
"C0012D-10H-3, 31.0 cm",NULL,168.506,169.82,168.506,169.82,"C0012D-10H-3, 33.0 cm",NULL,168.516,169.84,168.516,169.84,"C0012D-10H-3 WR, 31.0--33.0 cm",CKY000000000004623900,PP,NULL,3,bora333,NULL,CKY,2010-12-28T06:18:40Z,113,glass beaker,5.98,2.642,11.8203,6.0029,5.8403,113,glass beaker,5.98,2.642,10.1313,4.3212,4.1513,1.7503,1.7093,1.6516,3.3609,1.6792,0.0613,0.0276,4.09,0.2997,0.4279,1.7377,1.2169,2.4764,0.5086,1.0349,fujiharaa,2011-01-04T00:06:05Z
"C0012D-10H-4, 80.0 cm",NULL,168.944,170.64,168.944,170.64,"C0012D-10H-4, 82.0 cm",NULL,168.954,170.66,168.954,170.66,"C0012D-10H-4 W, 80.0--82.0 cm",CKY000000000004859400,PP,NULL,5,coolks333,NULL,CKY,2011-01-02T01:27:13Z,128,glass beaker,6.018,2.706,11.9475,5.9553,5.9295,128,glass beaker,6.018,2.706,10.2803,4.2954,4.2623,1.7277,1.6872,1.5621,3.2493,1.5894,0.0605,0.0273,4.2018,0.2914,0.4112,1.8249,1.2931,2.6898,0.5193,1.0801,fujiharaa,2011-01-04T00:06:10Z
"C0012D-11H-1, 65.0 cm",NULL,170.867,171.15,170.867,171.15,"C0012D-11H-1, 67.0 cm",NULL,170.879,171.17,170.879,171.17,"C0012D-11H-1 W, 65.0--67.0 cm",CKY000000000004859500,PP,NULL,5,coolks333,NULL,CKY,2011-01-02T01:31:55Z,428,glass beaker,6.173,2.764,11.8266,5.8831,5.6536,428,glass beaker,6.173,2.764,10.2224,4.2859,4.0494,1.6624,1.6234,1.4957,3.1191,1.5219,0.0582,0.0262,3.9912,0.294,0.4165,1.8126,1.2796,2.6684,0.5205,1.0854,fujiharaa,2011-01-04T00:06:10Z
"C0012D-11H-2, 30.0 cm",NULL,171.452,172.185,171.452,172.185,"C0012D-11H-2, 32.0 cm",NULL,171.463,172.205,171.463,172.205,"C0012D-11H-2 WR, 30.0--32.0 cm",CKY000000000004626200,PP,NULL,3,bora333,NULL,CKY,2010-12-28T08:07:33Z,124,glass beaker,5.986,2.706,12.6065,6.4454,6.6205,124,glass beaker,5.986,2.706,10.648,4.4955,4.662,2.0295,1.9819,1.7575,3.7394,1.7895,0.071,0.032,4.591,0.3065,0.4421,1.7705,1.2277,2.6122,0.53,1.1277,fujiharaa,2011-01-04T00:06:06Z
"C0012D-11H-3, 7.0 cm",NULL,171.503,172.275,171.503,172.275,"C0012D-11H-3, 9.0 cm",NULL,171.514,172.295,171.514,172.295,"C0012D-11H-3 W, 7.0--9.0 cm",CKY000000000004859600,PP,NULL,5,coolks333,NULL,CKY,2011-01-02T01:31:55Z,513,glass beaker,4.593,2.075,10.3808,5.3384,5.7878,513,glass beaker,4.593,2.075,8.6428,3.608,4.0498,1.801,1.7588,1.5046,3.2634,1.533,0.063,0.0284,3.9868,0.3112,0.4517,1.7735,1.2217,2.6497,0.5389,1.1689,fujiharaa,2011-01-04T00:06:10Z
"C0012D-11H-3, 73.0 cm",NULL,171.876,172.935,171.876,172.935,"C0012D-11H-3, 75.0 cm",NULL,171.887,172.955,171.887,172.955,"C0012D-11H-3 W, 73.0--75.0 cm",CKY000000000004859700,PP,NULL,5,coolks333,NULL,CKY,2011-01-02T01:31:55Z,613,glass beaker,6.097,2.778,10.7986,5.3614,4.7016,613,glass beaker,6.097,2.778,9.4363,4.0051,3.3393,1.4117,1.3786,1.2048,2.5834,1.2271,0.0494,0.0223,3.2899,0.3003,0.4291,1.8199,1.2735,2.7307,0.5336,1.1443,fujiharaa,2011-01-04T00:06:10Z
"C0012D-11H-4, 8.0 cm",NULL,171.955,173.075,171.955,173.075,"C0012D-11H-4, 10.0 cm",NULL,171.966,173.095,171.966,173.095,"C0012D-11H-4 W, 8.0--10.0 cm",CKY000000000004859800,PP,NULL,5,coolks333,NULL,CKY,2011-01-02T01:31:55Z,410,glass beaker,6.201,2.804,11.7069,5.7891,5.5059,410,glass beaker,6.201,2.804,10.1452,4.2342,3.9442,1.6183,1.5804,1.4047,2.9851,1.4302,0.0566,0.0255,3.8876,0.2939,0.4163,1.8445,1.3023,2.7676,0.5294,1.1251,fujiharaa,2011-01-04T00:06:10Z
"C0012D-11H-4, 70.0 cm",NULL,172.305,173.695,172.305,173.695,"C0012D-11H-4, 72.0 cm",NULL,172.316,173.715,172.316,173.715,"C0012D-11H-4 W, 70.0--72.0 cm",CKY000000000004859900,PP,NULL,5,coolks333,NULL,CKY,2011-01-02T01:31:55Z,206,glass beaker,6.016,2.698,11.3998,5.7654,5.3838,206,glass beaker,6.016,2.698,9.6937,4.0667,3.6777,1.768,1.7266,1.3408,3.0674,1.3687,0.0619,0.0279,3.6158,0.3284,0.489,1.7552,1.1788,2.6967,0.5629,1.2877,fujiharaa,2011-01-04T00:06:10Z
"C0012D-12H-1, 72.0 cm",NULL,174.007,174.22,174.007,174.22,"C0012D-12H-1, 74.0 cm",NULL,174.021,174.24,174.021,174.24,"C0012D-12H-1 W, 72.0--74.0 cm",CKY000000000004860000,PP,NULL,5,coolks333,NULL,CKY,2011-01-02T01:33:41Z,601,glass beaker,6.11,2.797,11.0759,5.4792,4.9659,601,glass beaker,6.11,2.797,9.6333,4.0429,3.5233,1.4949,1.4599,1.2223,2.6822,1.2459,0.0523,0.0236,3.471,0.301,0.4307,1.8514,1.2941,2.8397,0.5443,1.1944,fujiharaa,2011-01-04T00:06:10Z
"C0012D-12H-2, 20.0 cm",NULL,174.282,174.61,174.282,174.61,"C0012D-12H-2, 22.0 cm",NULL,174.296,174.63,174.296,174.63,"C0012D-12H-2 W, 20.0--22.0 cm",CKY000000000004860100,PP,NULL,5,coolks333,NULL,CKY,2011-01-02T01:33:41Z,205,glass beaker,6.083,2.728,12.0127,5.7145,5.9297,205,glass beaker,6.083,2.728,10.6977,4.4052,4.6147,1.3627,1.3308,1.6557,2.9865,1.6772,0.0477,0.0215,4.567,0.2298,0.2984,1.9855,1.5292,2.7583,0.4456,0.8038,fujiharaa,2011-01-04T00:06:10Z
"C0012D-12H-3, 8.0 cm",NULL,174.412,174.795,174.412,174.795,"C0012D-12H-3, 10.0 cm",NULL,174.426,174.815,174.426,174.815,"C0012D-12H-3 W, 8.0--10.0 cm",CKY000000000004860200,PP,NULL,5,coolks333,NULL,CKY,2011-01-02T01:33:41Z,614,glass beaker,6.155,2.788,12.7748,6.2468,6.6198,614,glass beaker,6.155,2.788,11.1436,4.6227,4.9886,1.6904,1.6508,1.808,3.4588,1.8347,0.0592,0.0267,4.9294,0.2554,0.3429,1.9139,1.4252,2.7264,0.4773,0.9131,fujiharaa,2011-01-04T00:06:10Z
"C0012D-12H-3, 27.0 cm",NULL,174.546,174.985,174.546,174.985,"C0012D-12H-3, 29.0 cm",NULL,174.56,175.005,174.56,175.005,"C0012D-12H-3 WR, 27.0--29.0 cm",CKY000000000004652700,PP,NULL,10,asukay333,NULL,CKY,2010-12-28T18:55:52Z,21,glass beaker,4.555,2.054,12.3146,6.2029,7.7596,21,glass beaker,4.555,2.054,10.2346,4.132,5.6796,2.1554,2.1049,2.044,4.1489,2.078,0.0754,0.034,5.6042,0.2778,0.3846,1.8703,1.3508,2.7418,0.5073,1.0298,fujiharaa,2011-01-04T00:06:06Z
"C0012D-12H-3, 103.0 cm",NULL,175.081,175.745,175.081,175.745,"C0012D-12H-3, 105.0 cm",NULL,175.095,175.765,175.095,175.765,"C0012D-12H-3 W, 103.0--105.0 cm",CKY000000000004860300,PP,NULL,5,coolks333,NULL,CKY,2011-01-02T01:33:41Z,175,glass beaker,6.135,2.763,11.4398,5.6101,5.3048,175,glass beaker,6.135,2.763,10.0224,4.1989,3.8874,1.4688,1.4344,1.4127,2.8471,1.4359,0.0514,0.0232,3.836,0.2769,0.3829,1.8632,1.3473,2.7154,0.5038,1.0154,fujiharaa,2011-01-04T00:06:10Z
"C0012D-12H-4, 6.0 cm",NULL,175.173,175.875,175.173,175.875,"C0012D-12H-4, 8.0 cm",NULL,175.187,175.895,175.187,175.895,"C0012D-12H-4 W, 6.0--8.0 cm",CKY000000000004860400,PP,NULL,5,coolks333,NULL,CKY,2011-01-02T01:33:41Z,635,glass beaker,6.212,2.812,11.9865,5.8871,5.7745,635,glass beaker,6.212,2.812,10.4978,4.4049,4.2858,1.5427,1.5065,1.5686,3.0751,1.5929,0.054,0.0243,4.2318,0.2672,0.3645,1.8778,1.3762,2.6978,0.4899,0.9604,fujiharaa,2011-01-04T00:06:10Z
"C0012D-12H-5, 16.0 cm",NULL,175.387,176.18,175.387,176.18,"C0012D-12H-5, 18.0 cm",NULL,175.401,176.2,175.401,176.2,"C0012D-12H-5 W, 16.0--18.0 cm",CKY000000000004860500,PP,NULL,5,coolks333,NULL,CKY,2011-01-02T01:33:41Z,515,glass beaker,4.592,2.061,10.4552,5.265,5.8632,515,glass beaker,4.592,2.061,8.9402,3.7566,4.3482,1.5699,1.5331,1.6709,3.204,1.6956,0.0549,0.0247,4.2933,0.2678,0.3657,1.83,1.34,2.5695,0.4785,0.9175,fujiharaa,2011-01-04T00:06:10Z
"C0012D-13H-1, 28.0 cm",NULL,176.191,176.28,176.191,176.28,"C0012D-13H-1, 30.0 cm",NULL,176.204,176.3,176.204,176.3,"C0012D-13H-1 W, 28.0--30.0 cm",CKY000000000004860600,PP,NULL,5,coolks333,NULL,CKY,2011-01-02T01:34:55Z,135,glass beaker,6.057,2.718,12.587,6.4159,6.53,135,glass beaker,6.057,2.718,10.5983,4.4359,4.5413,2.0608,2.0125,1.6854,3.6979,1.7179,0.0721,0.0325,4.4692,0.3156,0.4611,1.7659,1.2086,2.6517,0.5442,1.1941,fujiharaa,2011-01-04T00:06:10Z
"C0012D-13H-1, 103.0 cm",NULL,176.701,177.03,176.701,177.03,"C0012D-13H-1, 105.0 cm",NULL,176.715,177.05,176.715,177.05,"C0012D-13H-1 W, 103.0--105.0 cm",CKY000000000004860700,PP,NULL,5,coolks333,NULL,CKY,2011-01-02T01:34:55Z,612,glass beaker,6.095,2.716,11.7601,5.8915,5.6651,612,glass beaker,6.095,2.716,10.1201,4.2586,4.0251,1.6995,1.6597,1.5158,3.1755,1.5426,0.0595,0.0268,3.9656,0.3,0.4286,1.784,1.2488,2.6162,0.5227,1.0949,fujiharaa,2011-01-04T00:06:10Z
"C0012D-13H-1, 124.5 cm",NULL,176.848,177.245,176.848,177.245,"C0012D-13H-1, 125.5 cm",NULL,176.855,177.255,176.855,177.255,"C0012D-13H-1 WR, 124.5--125.5 cm",CKY000000000004653300,PP,NULL,5,asukay333,NULL,CKY,2010-12-28T18:59:59Z,179,glass beaker,6.043,2.728,12.8036,6.5143,6.7606,179,glass beaker,6.043,2.728,10.732,4.4517,4.689,2.1467,2.0964,1.6899,3.7863,1.7237,0.0751,0.0338,4.6139,0.3175,0.4653,1.7855,1.2186,2.7303,0.5537,1.2405,fujiharaa,2011-01-04T00:06:06Z
"C0012D-13H-2, 32.0 cm",NULL,177.175,177.725,177.175,177.725,"C0012D-13H-2, 34.0 cm",NULL,177.188,177.745,177.188,177.745,"C0012D-13H-2 W, 32.0--34.0 cm",CKY000000000004860800,PP,NULL,5,coolks333,NULL,CKY,2011-01-02T01:34:55Z,418,glass beaker,6.194,2.781,11.8267,5.934,5.6327,418,glass beaker,6.194,2.781,10.1969,4.3113,4.0029,1.6889,1.6493,1.5037,3.153,1.5303,0.0591,0.0266,3.9438,0.2998,0.4282,1.7865,1.2508,2.6227,0.5231,1.0968,fujiharaa,2011-01-04T00:06:10Z
"C0012D-13H-2, 107.0 cm",NULL,177.685,178.475,177.685,178.475,"C0012D-13H-2, 109.0 cm",NULL,177.699,178.495,177.699,178.495,"C0012D-13H-2 W, 107.0--109.0 cm",CKY000000000004860900,PP,NULL,5,coolks333,NULL,CKY,2011-01-02T01:34:55Z,199,glass beaker,6.011,2.7,11.9037,6.0969,5.8927,199,glass beaker,6.011,2.7,10.0385,4.2399,4.0275,1.9328,1.8875,1.5094,3.3969,1.5399,0.0676,0.0305,3.9599,0.328,0.4881,1.7347,1.1657,2.6235,0.5557,1.2505,fujiharaa,2011-01-04T00:06:10Z
"C0012D-13H-3, 19.0 cm",NULL,178.046,179.005,178.046,179.005,"C0012D-13H-3, 21.0 cm",NULL,178.06,179.025,178.06,179.025,"C0012D-13H-3 W, 19.0--21.0 cm",CKY000000000004861000,PP,NULL,5,coolks333,NULL,CKY,2011-01-02T01:34:55Z,628,glass beaker,6.103,2.781,11.9279,5.8908,5.8249,628,glass beaker,6.103,2.781,10.3189,4.2888,4.2159,1.6674,1.6283,1.4815,3.1098,1.5078,0.0584,0.0263,4.1575,0.2863,0.4011,1.8731,1.3369,2.8063,0.5236,1.0991,fujiharaa,2011-01-04T00:06:10Z
"C0012D-13H-3, 96.0 cm",NULL,178.57,179.775,178.57,179.775,"C0012D-13H-3, 98.0 cm",NULL,178.584,179.795,178.584,179.795,"C0012D-13H-3 W, 96.0--98.0 cm",CKY000000000004861100,PP,NULL,5,coolks333,NULL,CKY,2011-01-02T01:34:55Z,606,glass beaker,6.146,2.784,10.2582,5.0208,4.1122,606,glass beaker,6.146,2.784,9.05,3.8178,2.904,1.252,1.2227,1.0141,2.2368,1.0338,0.0438,0.0197,2.8602,0.3045,0.4377,1.8384,1.2787,2.8204,0.5466,1.2057,fujiharaa,2011-01-04T00:06:10Z
"C0012D-13H-4, 31.0 cm",NULL,178.873,180.22,178.873,180.22,"C0012D-13H-4, 33.0 cm",NULL,178.887,180.24,178.887,180.24,"C0012D-13H-4 WR, 31.0--33.0 cm",CKY000000000004632800,PP,NULL,3,bora333,NULL,CKY,2010-12-28T11:14:01Z,189,glass beaker,6.047,2.687,12.3167,6.4326,6.2697,189,glass beaker,6.047,2.687,10.1116,4.2371,4.0646,2.2851,2.2315,1.5141,3.7456,1.5501,0.08,0.036,3.9846,0.3645,0.5735,1.6739,1.0638,2.6317,0.5958,1.4738,fujiharaa,2011-01-04T00:06:06Z
